ISO-10303-21;
HEADER;
FILE_DESCRIPTION(('KiCad electronic assembly'),'2;1');
FILE_NAME('carte distribution.step','2025-12-05T21:45:31',('Pcbnew'),(
    'Kicad'),'Open CASCADE STEP processor 7.9','KiCad to STEP converter'
  ,'Unknown');
FILE_SCHEMA(('AUTOMOTIVE_DESIGN { 1 0 10303 214 1 1 1 1 }'));
ENDSEC;
DATA;
#1 = APPLICATION_PROTOCOL_DEFINITION('international standard',
  'automotive_design',2000,#2);
#2 = APPLICATION_CONTEXT(
  'core data for automotive mechanical design processes');
#3 = SHAPE_DEFINITION_REPRESENTATION(#4,#10);
#4 = PRODUCT_DEFINITION_SHAPE('','',#5);
#5 = PRODUCT_DEFINITION('design','',#6,#9);
#6 = PRODUCT_DEFINITION_FORMATION('','',#7);
#7 = PRODUCT('carte distribution 1','carte distribution 1','',(#8));
#8 = PRODUCT_CONTEXT('',#2,'mechanical');
#9 = PRODUCT_DEFINITION_CONTEXT('part definition',#2,'design');
#10 = SHAPE_REPRESENTATION('',(#11,#15,#19,#23,#27),#31);
#11 = AXIS2_PLACEMENT_3D('',#12,#13,#14);
#12 = CARTESIAN_POINT('',(0.,0.,0.));
#13 = DIRECTION('',(0.,0.,1.));
#14 = DIRECTION('',(1.,0.,-0.));
#15 = AXIS2_PLACEMENT_3D('',#16,#17,#18);
#16 = CARTESIAN_POINT('',(50.27,-58.5,1.595));
#17 = DIRECTION('',(0.,0.,1.));
#18 = DIRECTION('',(-1.,1.224646799147E-16,0.));
#19 = AXIS2_PLACEMENT_3D('',#20,#21,#22);
#20 = CARTESIAN_POINT('',(46.19,-65.,1.595));
#21 = DIRECTION('',(0.,0.,1.));
#22 = DIRECTION('',(1.,0.,0.));
#23 = AXIS2_PLACEMENT_3D('',#24,#25,#26);
#24 = CARTESIAN_POINT('',(49.75,-85.,1.595));
#25 = DIRECTION('',(0.,0.,1.));
#26 = DIRECTION('',(-1.,1.224646799147E-16,0.));
#27 = AXIS2_PLACEMENT_3D('',#28,#29,#30);
#28 = CARTESIAN_POINT('',(0.,0.,0.));
#29 = DIRECTION('',(0.,0.,1.));
#30 = DIRECTION('',(1.,0.,-0.));
#31 = ( GEOMETRIC_REPRESENTATION_CONTEXT(3) 
GLOBAL_UNCERTAINTY_ASSIGNED_CONTEXT((#35)) GLOBAL_UNIT_ASSIGNED_CONTEXT(
(#32,#33,#34)) REPRESENTATION_CONTEXT('Context #1',
  '3D Context with UNIT and UNCERTAINTY') );
#32 = ( LENGTH_UNIT() NAMED_UNIT(*) SI_UNIT(.MILLI.,.METRE.) );
#33 = ( NAMED_UNIT(*) PLANE_ANGLE_UNIT() SI_UNIT($,.RADIAN.) );
#34 = ( NAMED_UNIT(*) SI_UNIT($,.STERADIAN.) SOLID_ANGLE_UNIT() );
#35 = UNCERTAINTY_MEASURE_WITH_UNIT(LENGTH_MEASURE(5.E-07),#32,
  'distance_accuracy_value','confusion accuracy');
#36 = PRODUCT_RELATED_PRODUCT_CATEGORY('part',$,(#7));
#37 = SHAPE_DEFINITION_REPRESENTATION(#38,#44);
#38 = PRODUCT_DEFINITION_SHAPE('','',#39);
#39 = PRODUCT_DEFINITION('design','',#40,#43);
#40 = PRODUCT_DEFINITION_FORMATION('','',#41);
#41 = PRODUCT('LED_D4.0mm','LED_D4.0mm','',(#42));
#42 = PRODUCT_CONTEXT('',#2,'mechanical');
#43 = PRODUCT_DEFINITION_CONTEXT('part definition',#2,'design');
#44 = ADVANCED_BREP_SHAPE_REPRESENTATION('',(#11,#45),#508);
#45 = MANIFOLD_SOLID_BREP('',#46);
#46 = CLOSED_SHELL('',(#47,#74,#119,#163,#195,#214,#292,#323,#347,#371,
    #388,#419,#443,#467,#484,#496));
#47 = ADVANCED_FACE('',(#48),#69,.T.);
#48 = FACE_BOUND('',#49,.T.);
#49 = EDGE_LOOP('',(#50,#61,#62));
#50 = ORIENTED_EDGE('',*,*,#51,.T.);
#51 = EDGE_CURVE('',#52,#54,#56,.T.);
#52 = VERTEX_POINT('',#53);
#53 = CARTESIAN_POINT('',(3.27,5.329070518201E-15,8.));
#54 = VERTEX_POINT('',#55);
#55 = CARTESIAN_POINT('',(1.27,6.661338147751E-15,10.));
#56 = CIRCLE('',#57,2.);
#57 = AXIS2_PLACEMENT_3D('',#58,#59,#60);
#58 = CARTESIAN_POINT('',(1.27,5.329070518201E-15,8.));
#59 = DIRECTION('',(0.,-1.,6.661338147751E-16));
#60 = DIRECTION('',(1.,0.,0.));
#61 = ORIENTED_EDGE('',*,*,#51,.F.);
#62 = ORIENTED_EDGE('',*,*,#63,.F.);
#63 = EDGE_CURVE('',#52,#52,#64,.T.);
#64 = CIRCLE('',#65,2.);
#65 = AXIS2_PLACEMENT_3D('',#66,#67,#68);
#66 = CARTESIAN_POINT('',(1.27,3.5527136788E-15,8.));
#67 = DIRECTION('',(0.,-4.440892098501E-16,-1.));
#68 = DIRECTION('',(1.,8.881784197001E-16,-3.944304526105E-31));
#69 = SPHERICAL_SURFACE('',#70,2.);
#70 = AXIS2_PLACEMENT_3D('',#71,#72,#73);
#71 = CARTESIAN_POINT('',(1.27,5.329070518201E-15,8.));
#72 = DIRECTION('',(0.,4.440892098501E-16,1.));
#73 = DIRECTION('',(1.,1.478118571872E-15,-6.564165086474E-31));
#74 = ADVANCED_FACE('',(#75),#114,.T.);
#75 = FACE_BOUND('',#76,.T.);
#76 = EDGE_LOOP('',(#77,#85,#86,#87,#96,#105));
#77 = ORIENTED_EDGE('',*,*,#78,.F.);
#78 = EDGE_CURVE('',#52,#79,#81,.T.);
#79 = VERTEX_POINT('',#80);
#80 = CARTESIAN_POINT('',(3.27,2.6645352591E-15,4.));
#81 = LINE('',#82,#83);
#82 = CARTESIAN_POINT('',(3.27,5.329070518201E-15,8.));
#83 = VECTOR('',#84,1.);
#84 = DIRECTION('',(0.,-6.661338147751E-16,-1.));
#85 = ORIENTED_EDGE('',*,*,#63,.T.);
#86 = ORIENTED_EDGE('',*,*,#78,.T.);
#87 = ORIENTED_EDGE('',*,*,#88,.F.);
#88 = EDGE_CURVE('',#89,#79,#91,.T.);
#89 = VERTEX_POINT('',#90);
#90 = CARTESIAN_POINT('',(-0.73,1.542869857023E-15,4.));
#91 = CIRCLE('',#92,2.);
#92 = AXIS2_PLACEMENT_3D('',#93,#94,#95);
#93 = CARTESIAN_POINT('',(1.27,1.7763568394E-15,4.));
#94 = DIRECTION('',(0.,-4.440892098501E-16,-1.));
#95 = DIRECTION('',(1.,4.440892098501E-16,-1.972152263053E-31));
#96 = ORIENTED_EDGE('',*,*,#97,.F.);
#97 = EDGE_CURVE('',#98,#89,#100,.T.);
#98 = VERTEX_POINT('',#99);
#99 = CARTESIAN_POINT('',(-0.73,-1.182557009017E-08,4.));
#100 = CIRCLE('',#101,2.);
#101 = AXIS2_PLACEMENT_3D('',#102,#103,#104);
#102 = CARTESIAN_POINT('',(1.27,1.7763568394E-15,4.));
#103 = DIRECTION('',(0.,-4.440892098501E-16,-1.));
#104 = DIRECTION('',(1.,4.440892098501E-16,-1.972152263053E-31));
#105 = ORIENTED_EDGE('',*,*,#106,.F.);
#106 = EDGE_CURVE('',#79,#107,#109,.T.);
#107 = VERTEX_POINT('',#108);
#108 = CARTESIAN_POINT('',(-0.73,-1.182557009017E-08,4.));
#109 = CIRCLE('',#110,2.);
#110 = AXIS2_PLACEMENT_3D('',#111,#112,#113);
#111 = CARTESIAN_POINT('',(1.27,1.7763568394E-15,4.));
#112 = DIRECTION('',(0.,-4.440892098501E-16,-1.));
#113 = DIRECTION('',(1.,4.440892098501E-16,-1.972152263053E-31));
#114 = CYLINDRICAL_SURFACE('',#115,2.);
#115 = AXIS2_PLACEMENT_3D('',#116,#117,#118);
#116 = CARTESIAN_POINT('',(1.27,3.5527136788E-15,8.));
#117 = DIRECTION('',(0.,-4.440892098501E-16,-1.));
#118 = DIRECTION('',(1.,8.881784197001E-16,-3.944304526105E-31));
#119 = ADVANCED_FACE('',(#120,#153),#158,.F.);
#120 = FACE_BOUND('',#121,.F.);
#121 = EDGE_LOOP('',(#122,#133,#139,#147));
#122 = ORIENTED_EDGE('',*,*,#123,.F.);
#123 = EDGE_CURVE('',#124,#126,#128,.T.);
#124 = VERTEX_POINT('',#125);
#125 = CARTESIAN_POINT('',(-0.729999999999,-1.326649916145,4.));
#126 = VERTEX_POINT('',#127);
#127 = CARTESIAN_POINT('',(-0.729999999999,1.326649916145,4.));
#128 = CIRCLE('',#129,2.4);
#129 = AXIS2_PLACEMENT_3D('',#130,#131,#132);
#130 = CARTESIAN_POINT('',(1.27,2.970450955522E-23,4.));
#131 = DIRECTION('',(0.,0.,1.));
#132 = DIRECTION('',(1.,0.,-0.));
#133 = ORIENTED_EDGE('',*,*,#134,.T.);
#134 = EDGE_CURVE('',#124,#98,#135,.T.);
#135 = LINE('',#136,#137);
#136 = CARTESIAN_POINT('',(-0.73,-1.326649916145,4.));
#137 = VECTOR('',#138,1.);
#138 = DIRECTION('',(0.,1.,0.));
#139 = ORIENTED_EDGE('',*,*,#140,.T.);
#140 = EDGE_CURVE('',#98,#141,#143,.T.);
#141 = VERTEX_POINT('',#142);
#142 = CARTESIAN_POINT('',(-0.73,1.542869857023E-15,4.));
#143 = LINE('',#144,#145);
#144 = CARTESIAN_POINT('',(-0.73,-1.326649916145,4.));
#145 = VECTOR('',#146,1.);
#146 = DIRECTION('',(0.,1.,0.));
#147 = ORIENTED_EDGE('',*,*,#148,.T.);
#148 = EDGE_CURVE('',#141,#126,#149,.T.);
#149 = LINE('',#150,#151);
#150 = CARTESIAN_POINT('',(-0.73,-1.326649916145,4.));
#151 = VECTOR('',#152,1.);
#152 = DIRECTION('',(0.,1.,0.));
#153 = FACE_BOUND('',#154,.F.);
#154 = EDGE_LOOP('',(#155,#156,#157));
#155 = ORIENTED_EDGE('',*,*,#88,.F.);
#156 = ORIENTED_EDGE('',*,*,#97,.F.);
#157 = ORIENTED_EDGE('',*,*,#106,.F.);
#158 = PLANE('',#159);
#159 = AXIS2_PLACEMENT_3D('',#160,#161,#162);
#160 = CARTESIAN_POINT('',(-0.729999999998,-1.326649916146,4.));
#161 = DIRECTION('',(0.,0.,-1.));
#162 = DIRECTION('',(-1.,0.,0.));
#163 = ADVANCED_FACE('',(#164),#190,.T.);
#164 = FACE_BOUND('',#165,.T.);
#165 = EDGE_LOOP('',(#166,#177,#183,#184));
#166 = ORIENTED_EDGE('',*,*,#167,.T.);
#167 = EDGE_CURVE('',#168,#170,#172,.T.);
#168 = VERTEX_POINT('',#169);
#169 = CARTESIAN_POINT('',(-0.729999999999,-1.326649916145,3.));
#170 = VERTEX_POINT('',#171);
#171 = CARTESIAN_POINT('',(-0.729999999999,1.326649916145,3.));
#172 = CIRCLE('',#173,2.4);
#173 = AXIS2_PLACEMENT_3D('',#174,#175,#176);
#174 = CARTESIAN_POINT('',(1.27,2.970450955522E-23,3.));
#175 = DIRECTION('',(0.,0.,1.));
#176 = DIRECTION('',(1.,0.,-0.));
#177 = ORIENTED_EDGE('',*,*,#178,.T.);
#178 = EDGE_CURVE('',#170,#126,#179,.T.);
#179 = LINE('',#180,#181);
#180 = CARTESIAN_POINT('',(-0.729999999999,1.326649916145,3.));
#181 = VECTOR('',#182,1.);
#182 = DIRECTION('',(0.,0.,1.));
#183 = ORIENTED_EDGE('',*,*,#123,.F.);
#184 = ORIENTED_EDGE('',*,*,#185,.F.);
#185 = EDGE_CURVE('',#168,#124,#186,.T.);
#186 = LINE('',#187,#188);
#187 = CARTESIAN_POINT('',(-0.729999999999,-1.326649916145,3.));
#188 = VECTOR('',#189,1.);
#189 = DIRECTION('',(0.,0.,1.));
#190 = CYLINDRICAL_SURFACE('',#191,2.4);
#191 = AXIS2_PLACEMENT_3D('',#192,#193,#194);
#192 = CARTESIAN_POINT('',(1.27,2.970450955522E-23,3.));
#193 = DIRECTION('',(-0.,-0.,-1.));
#194 = DIRECTION('',(1.,0.,0.));
#195 = ADVANCED_FACE('',(#196),#209,.T.);
#196 = FACE_BOUND('',#197,.T.);
#197 = EDGE_LOOP('',(#198,#199,#200,#201,#202,#203));
#198 = ORIENTED_EDGE('',*,*,#185,.T.);
#199 = ORIENTED_EDGE('',*,*,#134,.T.);
#200 = ORIENTED_EDGE('',*,*,#140,.T.);
#201 = ORIENTED_EDGE('',*,*,#148,.T.);
#202 = ORIENTED_EDGE('',*,*,#178,.F.);
#203 = ORIENTED_EDGE('',*,*,#204,.F.);
#204 = EDGE_CURVE('',#168,#170,#205,.T.);
#205 = LINE('',#206,#207);
#206 = CARTESIAN_POINT('',(-0.73,-1.326649916145,3.));
#207 = VECTOR('',#208,1.);
#208 = DIRECTION('',(0.,1.,0.));
#209 = PLANE('',#210);
#210 = AXIS2_PLACEMENT_3D('',#211,#212,#213);
#211 = CARTESIAN_POINT('',(-0.73,-1.326649916145,3.));
#212 = DIRECTION('',(-1.,0.,0.));
#213 = DIRECTION('',(0.,1.,0.));
#214 = ADVANCED_FACE('',(#215,#219,#253),#287,.T.);
#215 = FACE_BOUND('',#216,.T.);
#216 = EDGE_LOOP('',(#217,#218));
#217 = ORIENTED_EDGE('',*,*,#167,.F.);
#218 = ORIENTED_EDGE('',*,*,#204,.T.);
#219 = FACE_BOUND('',#220,.T.);
#220 = EDGE_LOOP('',(#221,#231,#239,#247));
#221 = ORIENTED_EDGE('',*,*,#222,.T.);
#222 = EDGE_CURVE('',#223,#225,#227,.T.);
#223 = VERTEX_POINT('',#224);
#224 = CARTESIAN_POINT('',(0.2,-0.2,3.));
#225 = VERTEX_POINT('',#226);
#226 = CARTESIAN_POINT('',(0.2,0.2,3.));
#227 = LINE('',#228,#229);
#228 = CARTESIAN_POINT('',(0.2,-0.563324958073,3.));
#229 = VECTOR('',#230,1.);
#230 = DIRECTION('',(0.,1.,0.));
#231 = ORIENTED_EDGE('',*,*,#232,.T.);
#232 = EDGE_CURVE('',#225,#233,#235,.T.);
#233 = VERTEX_POINT('',#234);
#234 = CARTESIAN_POINT('',(-0.2,0.2,3.));
#235 = LINE('',#236,#237);
#236 = CARTESIAN_POINT('',(-0.464999999999,0.2,3.));
#237 = VECTOR('',#238,1.);
#238 = DIRECTION('',(-1.,-0.,-0.));
#239 = ORIENTED_EDGE('',*,*,#240,.T.);
#240 = EDGE_CURVE('',#233,#241,#243,.T.);
#241 = VERTEX_POINT('',#242);
#242 = CARTESIAN_POINT('',(-0.2,-0.2,3.));
#243 = LINE('',#244,#245);
#244 = CARTESIAN_POINT('',(-0.2,-0.763324958073,3.));
#245 = VECTOR('',#246,1.);
#246 = DIRECTION('',(0.,-1.,0.));
#247 = ORIENTED_EDGE('',*,*,#248,.T.);
#248 = EDGE_CURVE('',#241,#223,#249,.T.);
#249 = LINE('',#250,#251);
#250 = CARTESIAN_POINT('',(-0.264999999999,-0.2,3.));
#251 = VECTOR('',#252,1.);
#252 = DIRECTION('',(1.,0.,0.));
#253 = FACE_BOUND('',#254,.T.);
#254 = EDGE_LOOP('',(#255,#265,#273,#281));
#255 = ORIENTED_EDGE('',*,*,#256,.T.);
#256 = EDGE_CURVE('',#257,#259,#261,.T.);
#257 = VERTEX_POINT('',#258);
#258 = CARTESIAN_POINT('',(2.74,0.2,3.));
#259 = VERTEX_POINT('',#260);
#260 = CARTESIAN_POINT('',(2.34,0.2,3.));
#261 = LINE('',#262,#263);
#262 = CARTESIAN_POINT('',(0.805000000001,0.2,3.));
#263 = VECTOR('',#264,1.);
#264 = DIRECTION('',(-1.,-0.,-0.));
#265 = ORIENTED_EDGE('',*,*,#266,.T.);
#266 = EDGE_CURVE('',#259,#267,#269,.T.);
#267 = VERTEX_POINT('',#268);
#268 = CARTESIAN_POINT('',(2.34,-0.2,3.));
#269 = LINE('',#270,#271);
#270 = CARTESIAN_POINT('',(2.34,-0.763324958073,3.));
#271 = VECTOR('',#272,1.);
#272 = DIRECTION('',(0.,-1.,0.));
#273 = ORIENTED_EDGE('',*,*,#274,.T.);
#274 = EDGE_CURVE('',#267,#275,#277,.T.);
#275 = VERTEX_POINT('',#276);
#276 = CARTESIAN_POINT('',(2.74,-0.2,3.));
#277 = LINE('',#278,#279);
#278 = CARTESIAN_POINT('',(1.005000000001,-0.2,3.));
#279 = VECTOR('',#280,1.);
#280 = DIRECTION('',(1.,0.,0.));
#281 = ORIENTED_EDGE('',*,*,#282,.T.);
#282 = EDGE_CURVE('',#275,#257,#283,.T.);
#283 = LINE('',#284,#285);
#284 = CARTESIAN_POINT('',(2.74,-0.563324958073,3.));
#285 = VECTOR('',#286,1.);
#286 = DIRECTION('',(0.,1.,0.));
#287 = PLANE('',#288);
#288 = AXIS2_PLACEMENT_3D('',#289,#290,#291);
#289 = CARTESIAN_POINT('',(-0.729999999998,-1.326649916146,3.));
#290 = DIRECTION('',(0.,0.,-1.));
#291 = DIRECTION('',(-1.,0.,0.));
#292 = ADVANCED_FACE('',(#293),#318,.F.);
#293 = FACE_BOUND('',#294,.F.);
#294 = EDGE_LOOP('',(#295,#296,#304,#312));
#295 = ORIENTED_EDGE('',*,*,#222,.T.);
#296 = ORIENTED_EDGE('',*,*,#297,.T.);
#297 = EDGE_CURVE('',#225,#298,#300,.T.);
#298 = VERTEX_POINT('',#299);
#299 = CARTESIAN_POINT('',(0.2,0.2,-2.5));
#300 = LINE('',#301,#302);
#301 = CARTESIAN_POINT('',(0.2,0.2,3.5));
#302 = VECTOR('',#303,1.);
#303 = DIRECTION('',(-0.,-0.,-1.));
#304 = ORIENTED_EDGE('',*,*,#305,.T.);
#305 = EDGE_CURVE('',#298,#306,#308,.T.);
#306 = VERTEX_POINT('',#307);
#307 = CARTESIAN_POINT('',(0.2,-0.2,-2.5));
#308 = LINE('',#309,#310);
#309 = CARTESIAN_POINT('',(0.2,0.2,-2.5));
#310 = VECTOR('',#311,1.);
#311 = DIRECTION('',(0.,-1.,0.));
#312 = ORIENTED_EDGE('',*,*,#313,.F.);
#313 = EDGE_CURVE('',#223,#306,#314,.T.);
#314 = LINE('',#315,#316);
#315 = CARTESIAN_POINT('',(0.2,-0.2,3.5));
#316 = VECTOR('',#317,1.);
#317 = DIRECTION('',(-0.,-0.,-1.));
#318 = PLANE('',#319);
#319 = AXIS2_PLACEMENT_3D('',#320,#321,#322);
#320 = CARTESIAN_POINT('',(0.2,0.2,3.5));
#321 = DIRECTION('',(-1.,0.,0.));
#322 = DIRECTION('',(0.,-1.,0.));
#323 = ADVANCED_FACE('',(#324),#342,.F.);
#324 = FACE_BOUND('',#325,.F.);
#325 = EDGE_LOOP('',(#326,#327,#328,#336));
#326 = ORIENTED_EDGE('',*,*,#248,.T.);
#327 = ORIENTED_EDGE('',*,*,#313,.T.);
#328 = ORIENTED_EDGE('',*,*,#329,.T.);
#329 = EDGE_CURVE('',#306,#330,#332,.T.);
#330 = VERTEX_POINT('',#331);
#331 = CARTESIAN_POINT('',(-0.2,-0.2,-2.5));
#332 = LINE('',#333,#334);
#333 = CARTESIAN_POINT('',(0.2,-0.2,-2.5));
#334 = VECTOR('',#335,1.);
#335 = DIRECTION('',(-1.,0.,0.));
#336 = ORIENTED_EDGE('',*,*,#337,.F.);
#337 = EDGE_CURVE('',#241,#330,#338,.T.);
#338 = LINE('',#339,#340);
#339 = CARTESIAN_POINT('',(-0.2,-0.2,3.5));
#340 = VECTOR('',#341,1.);
#341 = DIRECTION('',(-0.,-0.,-1.));
#342 = PLANE('',#343);
#343 = AXIS2_PLACEMENT_3D('',#344,#345,#346);
#344 = CARTESIAN_POINT('',(0.2,-0.2,3.5));
#345 = DIRECTION('',(0.,1.,0.));
#346 = DIRECTION('',(-1.,0.,0.));
#347 = ADVANCED_FACE('',(#348),#366,.F.);
#348 = FACE_BOUND('',#349,.F.);
#349 = EDGE_LOOP('',(#350,#351,#352,#360));
#350 = ORIENTED_EDGE('',*,*,#240,.T.);
#351 = ORIENTED_EDGE('',*,*,#337,.T.);
#352 = ORIENTED_EDGE('',*,*,#353,.T.);
#353 = EDGE_CURVE('',#330,#354,#356,.T.);
#354 = VERTEX_POINT('',#355);
#355 = CARTESIAN_POINT('',(-0.2,0.2,-2.5));
#356 = LINE('',#357,#358);
#357 = CARTESIAN_POINT('',(-0.2,-0.2,-2.5));
#358 = VECTOR('',#359,1.);
#359 = DIRECTION('',(0.,1.,0.));
#360 = ORIENTED_EDGE('',*,*,#361,.F.);
#361 = EDGE_CURVE('',#233,#354,#362,.T.);
#362 = LINE('',#363,#364);
#363 = CARTESIAN_POINT('',(-0.2,0.2,3.5));
#364 = VECTOR('',#365,1.);
#365 = DIRECTION('',(-0.,-0.,-1.));
#366 = PLANE('',#367);
#367 = AXIS2_PLACEMENT_3D('',#368,#369,#370);
#368 = CARTESIAN_POINT('',(-0.2,-0.2,3.5));
#369 = DIRECTION('',(1.,0.,0.));
#370 = DIRECTION('',(-0.,1.,0.));
#371 = ADVANCED_FACE('',(#372),#383,.F.);
#372 = FACE_BOUND('',#373,.F.);
#373 = EDGE_LOOP('',(#374,#375,#376,#382));
#374 = ORIENTED_EDGE('',*,*,#232,.T.);
#375 = ORIENTED_EDGE('',*,*,#361,.T.);
#376 = ORIENTED_EDGE('',*,*,#377,.T.);
#377 = EDGE_CURVE('',#354,#298,#378,.T.);
#378 = LINE('',#379,#380);
#379 = CARTESIAN_POINT('',(-0.2,0.2,-2.5));
#380 = VECTOR('',#381,1.);
#381 = DIRECTION('',(1.,0.,0.));
#382 = ORIENTED_EDGE('',*,*,#297,.F.);
#383 = PLANE('',#384);
#384 = AXIS2_PLACEMENT_3D('',#385,#386,#387);
#385 = CARTESIAN_POINT('',(-0.2,0.2,3.5));
#386 = DIRECTION('',(0.,-1.,0.));
#387 = DIRECTION('',(1.,0.,0.));
#388 = ADVANCED_FACE('',(#389),#414,.F.);
#389 = FACE_BOUND('',#390,.F.);
#390 = EDGE_LOOP('',(#391,#392,#400,#408));
#391 = ORIENTED_EDGE('',*,*,#256,.T.);
#392 = ORIENTED_EDGE('',*,*,#393,.T.);
#393 = EDGE_CURVE('',#259,#394,#396,.T.);
#394 = VERTEX_POINT('',#395);
#395 = CARTESIAN_POINT('',(2.34,0.2,-2.5));
#396 = LINE('',#397,#398);
#397 = CARTESIAN_POINT('',(2.34,0.2,3.5));
#398 = VECTOR('',#399,1.);
#399 = DIRECTION('',(-0.,-0.,-1.));
#400 = ORIENTED_EDGE('',*,*,#401,.T.);
#401 = EDGE_CURVE('',#394,#402,#404,.T.);
#402 = VERTEX_POINT('',#403);
#403 = CARTESIAN_POINT('',(2.74,0.2,-2.5));
#404 = LINE('',#405,#406);
#405 = CARTESIAN_POINT('',(2.34,0.2,-2.5));
#406 = VECTOR('',#407,1.);
#407 = DIRECTION('',(1.,0.,0.));
#408 = ORIENTED_EDGE('',*,*,#409,.F.);
#409 = EDGE_CURVE('',#257,#402,#410,.T.);
#410 = LINE('',#411,#412);
#411 = CARTESIAN_POINT('',(2.74,0.2,3.5));
#412 = VECTOR('',#413,1.);
#413 = DIRECTION('',(-0.,-0.,-1.));
#414 = PLANE('',#415);
#415 = AXIS2_PLACEMENT_3D('',#416,#417,#418);
#416 = CARTESIAN_POINT('',(2.34,0.2,3.5));
#417 = DIRECTION('',(0.,-1.,0.));
#418 = DIRECTION('',(1.,0.,0.));
#419 = ADVANCED_FACE('',(#420),#438,.F.);
#420 = FACE_BOUND('',#421,.F.);
#421 = EDGE_LOOP('',(#422,#423,#424,#432));
#422 = ORIENTED_EDGE('',*,*,#282,.T.);
#423 = ORIENTED_EDGE('',*,*,#409,.T.);
#424 = ORIENTED_EDGE('',*,*,#425,.T.);
#425 = EDGE_CURVE('',#402,#426,#428,.T.);
#426 = VERTEX_POINT('',#427);
#427 = CARTESIAN_POINT('',(2.74,-0.2,-2.5));
#428 = LINE('',#429,#430);
#429 = CARTESIAN_POINT('',(2.74,0.2,-2.5));
#430 = VECTOR('',#431,1.);
#431 = DIRECTION('',(0.,-1.,0.));
#432 = ORIENTED_EDGE('',*,*,#433,.F.);
#433 = EDGE_CURVE('',#275,#426,#434,.T.);
#434 = LINE('',#435,#436);
#435 = CARTESIAN_POINT('',(2.74,-0.2,3.5));
#436 = VECTOR('',#437,1.);
#437 = DIRECTION('',(-0.,-0.,-1.));
#438 = PLANE('',#439);
#439 = AXIS2_PLACEMENT_3D('',#440,#441,#442);
#440 = CARTESIAN_POINT('',(2.74,0.2,3.5));
#441 = DIRECTION('',(-1.,0.,0.));
#442 = DIRECTION('',(0.,-1.,0.));
#443 = ADVANCED_FACE('',(#444),#462,.F.);
#444 = FACE_BOUND('',#445,.F.);
#445 = EDGE_LOOP('',(#446,#447,#448,#456));
#446 = ORIENTED_EDGE('',*,*,#274,.T.);
#447 = ORIENTED_EDGE('',*,*,#433,.T.);
#448 = ORIENTED_EDGE('',*,*,#449,.T.);
#449 = EDGE_CURVE('',#426,#450,#452,.T.);
#450 = VERTEX_POINT('',#451);
#451 = CARTESIAN_POINT('',(2.34,-0.2,-2.5));
#452 = LINE('',#453,#454);
#453 = CARTESIAN_POINT('',(2.74,-0.2,-2.5));
#454 = VECTOR('',#455,1.);
#455 = DIRECTION('',(-1.,0.,0.));
#456 = ORIENTED_EDGE('',*,*,#457,.F.);
#457 = EDGE_CURVE('',#267,#450,#458,.T.);
#458 = LINE('',#459,#460);
#459 = CARTESIAN_POINT('',(2.34,-0.2,3.5));
#460 = VECTOR('',#461,1.);
#461 = DIRECTION('',(-0.,-0.,-1.));
#462 = PLANE('',#463);
#463 = AXIS2_PLACEMENT_3D('',#464,#465,#466);
#464 = CARTESIAN_POINT('',(2.74,-0.2,3.5));
#465 = DIRECTION('',(0.,1.,0.));
#466 = DIRECTION('',(-1.,0.,0.));
#467 = ADVANCED_FACE('',(#468),#479,.F.);
#468 = FACE_BOUND('',#469,.F.);
#469 = EDGE_LOOP('',(#470,#471,#472,#478));
#470 = ORIENTED_EDGE('',*,*,#266,.T.);
#471 = ORIENTED_EDGE('',*,*,#457,.T.);
#472 = ORIENTED_EDGE('',*,*,#473,.T.);
#473 = EDGE_CURVE('',#450,#394,#474,.T.);
#474 = LINE('',#475,#476);
#475 = CARTESIAN_POINT('',(2.34,-0.2,-2.5));
#476 = VECTOR('',#477,1.);
#477 = DIRECTION('',(0.,1.,0.));
#478 = ORIENTED_EDGE('',*,*,#393,.F.);
#479 = PLANE('',#480);
#480 = AXIS2_PLACEMENT_3D('',#481,#482,#483);
#481 = CARTESIAN_POINT('',(2.34,-0.2,3.5));
#482 = DIRECTION('',(1.,0.,0.));
#483 = DIRECTION('',(-0.,1.,0.));
#484 = ADVANCED_FACE('',(#485),#491,.F.);
#485 = FACE_BOUND('',#486,.T.);
#486 = EDGE_LOOP('',(#487,#488,#489,#490));
#487 = ORIENTED_EDGE('',*,*,#377,.T.);
#488 = ORIENTED_EDGE('',*,*,#305,.T.);
#489 = ORIENTED_EDGE('',*,*,#329,.T.);
#490 = ORIENTED_EDGE('',*,*,#353,.T.);
#491 = PLANE('',#492);
#492 = AXIS2_PLACEMENT_3D('',#493,#494,#495);
#493 = CARTESIAN_POINT('',(-0.2,0.2,-2.5));
#494 = DIRECTION('',(0.,0.,1.));
#495 = DIRECTION('',(1.,0.,-0.));
#496 = ADVANCED_FACE('',(#497),#503,.F.);
#497 = FACE_BOUND('',#498,.T.);
#498 = EDGE_LOOP('',(#499,#500,#501,#502));
#499 = ORIENTED_EDGE('',*,*,#401,.T.);
#500 = ORIENTED_EDGE('',*,*,#425,.T.);
#501 = ORIENTED_EDGE('',*,*,#449,.T.);
#502 = ORIENTED_EDGE('',*,*,#473,.T.);
#503 = PLANE('',#504);
#504 = AXIS2_PLACEMENT_3D('',#505,#506,#507);
#505 = CARTESIAN_POINT('',(2.34,0.2,-2.5));
#506 = DIRECTION('',(0.,0.,1.));
#507 = DIRECTION('',(1.,0.,-0.));
#508 = ( GEOMETRIC_REPRESENTATION_CONTEXT(3) 
GLOBAL_UNCERTAINTY_ASSIGNED_CONTEXT((#512)) GLOBAL_UNIT_ASSIGNED_CONTEXT
((#509,#510,#511)) REPRESENTATION_CONTEXT('Context #1',
  '3D Context with UNIT and UNCERTAINTY') );
#509 = ( LENGTH_UNIT() NAMED_UNIT(*) SI_UNIT(.MILLI.,.METRE.) );
#510 = ( NAMED_UNIT(*) PLANE_ANGLE_UNIT() SI_UNIT($,.RADIAN.) );
#511 = ( NAMED_UNIT(*) SI_UNIT($,.STERADIAN.) SOLID_ANGLE_UNIT() );
#512 = UNCERTAINTY_MEASURE_WITH_UNIT(LENGTH_MEASURE(1.E-07),#509,
  'distance_accuracy_value','confusion accuracy');
#513 = CONTEXT_DEPENDENT_SHAPE_REPRESENTATION(#514,#516);
#514 = ( REPRESENTATION_RELATIONSHIP('','',#44,#10) 
REPRESENTATION_RELATIONSHIP_WITH_TRANSFORMATION(#515) 
SHAPE_REPRESENTATION_RELATIONSHIP() );
#515 = ITEM_DEFINED_TRANSFORMATION('','',#11,#15);
#516 = PRODUCT_DEFINITION_SHAPE('Placement','Placement of an item',#517
  );
#517 = NEXT_ASSEMBLY_USAGE_OCCURRENCE('1','D1','',#5,#39,$);
#518 = PRODUCT_RELATED_PRODUCT_CATEGORY('part',$,(#41));
#519 = SHAPE_DEFINITION_REPRESENTATION(#520,#526);
#520 = PRODUCT_DEFINITION_SHAPE('','',#521);
#521 = PRODUCT_DEFINITION('design','',#522,#525);
#522 = PRODUCT_DEFINITION_FORMATION('','',#523);
#523 = PRODUCT('R_Axial_DIN0207_L6.3mm_D2.5mm_P7.62mm_Horizontal',
  'R_Axial_DIN0207_L6.3mm_D2.5mm_P7.62mm_Horizontal','',(#524));
#524 = PRODUCT_CONTEXT('',#2,'mechanical');
#525 = PRODUCT_DEFINITION_CONTEXT('part definition',#2,'design');
#526 = ADVANCED_BREP_SHAPE_REPRESENTATION('',(#11,#527),#1190);
#527 = MANIFOLD_SOLID_BREP('',#528);
#528 = CLOSED_SHELL('',(#529,#562,#588,#608,#791,#816,#842,#862,#887,
    #912,#921,#947,#1130,#1156,#1181));
#529 = ADVANCED_FACE('',(#530),#557,.T.);
#530 = FACE_BOUND('',#531,.T.);
#531 = EDGE_LOOP('',(#532,#541,#549,#556));
#532 = ORIENTED_EDGE('',*,*,#533,.T.);
#533 = EDGE_CURVE('',#534,#534,#536,.T.);
#534 = VERTEX_POINT('',#535);
#535 = CARTESIAN_POINT('',(1.285,1.25,1.25));
#536 = CIRCLE('',#537,1.25);
#537 = AXIS2_PLACEMENT_3D('',#538,#539,#540);
#538 = CARTESIAN_POINT('',(1.285,0.,1.25));
#539 = DIRECTION('',(1.,0.,0.));
#540 = DIRECTION('',(-0.,1.,0.));
#541 = ORIENTED_EDGE('',*,*,#542,.T.);
#542 = EDGE_CURVE('',#534,#543,#545,.T.);
#543 = VERTEX_POINT('',#544);
#544 = CARTESIAN_POINT('',(2.235,1.25,1.25));
#545 = LINE('',#546,#547);
#546 = CARTESIAN_POINT('',(0.66,1.25,1.25));
#547 = VECTOR('',#548,1.);
#548 = DIRECTION('',(1.,0.,0.));
#549 = ORIENTED_EDGE('',*,*,#550,.F.);
#550 = EDGE_CURVE('',#543,#543,#551,.T.);
#551 = CIRCLE('',#552,1.25);
#552 = AXIS2_PLACEMENT_3D('',#553,#554,#555);
#553 = CARTESIAN_POINT('',(2.235,0.,1.25));
#554 = DIRECTION('',(1.,0.,0.));
#555 = DIRECTION('',(-0.,1.,0.));
#556 = ORIENTED_EDGE('',*,*,#542,.F.);
#557 = CYLINDRICAL_SURFACE('',#558,1.25);
#558 = AXIS2_PLACEMENT_3D('',#559,#560,#561);
#559 = CARTESIAN_POINT('',(0.66,0.,1.25));
#560 = DIRECTION('',(-1.,-0.,-0.));
#561 = DIRECTION('',(0.,1.,0.));
#562 = ADVANCED_FACE('',(#563),#583,.T.);
#563 = FACE_BOUND('',#564,.T.);
#564 = EDGE_LOOP('',(#565,#574,#581,#582));
#565 = ORIENTED_EDGE('',*,*,#566,.T.);
#566 = EDGE_CURVE('',#567,#567,#569,.T.);
#567 = VERTEX_POINT('',#568);
#568 = CARTESIAN_POINT('',(0.66,0.625,1.25));
#569 = CIRCLE('',#570,0.625);
#570 = AXIS2_PLACEMENT_3D('',#571,#572,#573);
#571 = CARTESIAN_POINT('',(0.66,0.,1.25));
#572 = DIRECTION('',(1.,0.,0.));
#573 = DIRECTION('',(-0.,1.,0.));
#574 = ORIENTED_EDGE('',*,*,#575,.F.);
#575 = EDGE_CURVE('',#534,#567,#576,.T.);
#576 = CIRCLE('',#577,0.625);
#577 = AXIS2_PLACEMENT_3D('',#578,#579,#580);
#578 = CARTESIAN_POINT('',(1.285,0.625,1.25));
#579 = DIRECTION('',(0.,-0.,1.));
#580 = DIRECTION('',(0.,1.,0.));
#581 = ORIENTED_EDGE('',*,*,#533,.F.);
#582 = ORIENTED_EDGE('',*,*,#575,.T.);
#583 = TOROIDAL_SURFACE('',#584,0.625,0.625);
#584 = AXIS2_PLACEMENT_3D('',#585,#586,#587);
#585 = CARTESIAN_POINT('',(1.285,0.,1.25));
#586 = DIRECTION('',(-1.,0.,0.));
#587 = DIRECTION('',(0.,1.,0.));
#588 = ADVANCED_FACE('',(#589,#592),#603,.F.);
#589 = FACE_BOUND('',#590,.F.);
#590 = EDGE_LOOP('',(#591));
#591 = ORIENTED_EDGE('',*,*,#550,.F.);
#592 = FACE_BOUND('',#593,.F.);
#593 = EDGE_LOOP('',(#594));
#594 = ORIENTED_EDGE('',*,*,#595,.F.);
#595 = EDGE_CURVE('',#596,#596,#598,.T.);
#596 = VERTEX_POINT('',#597);
#597 = CARTESIAN_POINT('',(2.235,1.125,1.25));
#598 = CIRCLE('',#599,1.125);
#599 = AXIS2_PLACEMENT_3D('',#600,#601,#602);
#600 = CARTESIAN_POINT('',(2.235,0.,1.25));
#601 = DIRECTION('',(-1.,0.,0.));
#602 = DIRECTION('',(0.,1.,0.));
#603 = PLANE('',#604);
#604 = AXIS2_PLACEMENT_3D('',#605,#606,#607);
#605 = CARTESIAN_POINT('',(2.235,1.25,1.25));
#606 = DIRECTION('',(-1.,0.,0.));
#607 = DIRECTION('',(0.,0.,-1.));
#608 = ADVANCED_FACE('',(#609,#612),#786,.T.);
#609 = FACE_BOUND('',#610,.T.);
#610 = EDGE_LOOP('',(#611));
#611 = ORIENTED_EDGE('',*,*,#566,.F.);
#612 = FACE_BOUND('',#613,.T.);
#613 = EDGE_LOOP('',(#614));
#614 = ORIENTED_EDGE('',*,*,#615,.F.);
#615 = EDGE_CURVE('',#616,#616,#618,.T.);
#616 = VERTEX_POINT('',#617);
#617 = CARTESIAN_POINT('',(0.66,1.102182119233E-16,0.899909083395));
#618 = B_SPLINE_CURVE_WITH_KNOTS('',6,(#619,#620,#621,#622,#623,#624,
    #625,#626,#627,#628,#629,#630,#631,#632,#633,#634,#635,#636,#637,
    #638,#639,#640,#641,#642,#643,#644,#645,#646,#647,#648,#649,#650,
    #651,#652,#653,#654,#655,#656,#657,#658,#659,#660,#661,#662,#663,
    #664,#665,#666,#667,#668,#669,#670,#671,#672,#673,#674,#675,#676,
    #677,#678,#679,#680,#681,#682,#683,#684,#685,#686,#687,#688,#689,
    #690,#691,#692,#693,#694,#695,#696,#697,#698,#699,#700,#701,#702,
    #703,#704,#705,#706,#707,#708,#709,#710,#711,#712,#713,#714,#715,
    #716,#717,#718,#719,#720,#721,#722,#723,#724,#725,#726,#727,#728,
    #729,#730,#731,#732,#733,#734,#735,#736,#737,#738,#739,#740,#741,
    #742,#743,#744,#745,#746,#747,#748,#749,#750,#751,#752,#753,#754,
    #755,#756,#757,#758,#759,#760,#761,#762,#763,#764,#765,#766,#767,
    #768,#769,#770,#771,#772,#773,#774,#775,#776,#777,#778,#779,#780,
    #781,#782,#783,#784,#785),.UNSPECIFIED.,.T.,.F.,(1,6,5,5,5,5,5,5,5,5
    ,5,5,5,5,5,5,5,5,5,5,5,5,5,5,5,5,5,5,5,5,5,5,5,5,6,1),(
    -3.7441643477E-02,0.,2.521870323933E-02,5.431496394384E-02,
    8.648919549843E-02,0.120700162351,0.155854554579,0.191019956077,
    0.22552099352,0.258944151729,0.291091798271,0.321919308947,
    0.351475044446,0.379851974729,0.407153625953,0.43347490921,
    0.458900868731,0.483545347382,0.505902822615,0.530283950565,
    0.555351989471,0.581274789002,0.608140584187,0.636038742308,
    0.665070462617,0.695336577837,0.72690990423,0.759792997252,
    0.79386262098,0.828806470397,0.864066503475,0.898816439436,
    0.932013287381,0.962558356523,1.,1.025218703239),.UNSPECIFIED.);
#619 = CARTESIAN_POINT('',(0.66,0.,0.899909083395));
#620 = CARTESIAN_POINT('',(0.66,-9.861963323296E-03,0.899909084471));
#621 = CARTESIAN_POINT('',(0.66,-1.960383099012E-02,0.900333558971));
#622 = CARTESIAN_POINT('',(0.66,-2.90667633729E-02,0.901163095205));
#623 = CARTESIAN_POINT('',(0.66,-3.818473840012E-02,0.902336888075));
#624 = CARTESIAN_POINT('',(0.66,-4.697555886318E-02,0.903805406252));
#625 = CARTESIAN_POINT('',(0.66,-6.541217845247E-02,0.907588617289));
#626 = CARTESIAN_POINT('',(0.66,-7.491989955217E-02,0.909985996381));
#627 = CARTESIAN_POINT('',(0.66,-8.408858685729E-02,0.912709602459));
#628 = CARTESIAN_POINT('',(0.66,-9.29431150905E-02,0.915726339128));
#629 = CARTESIAN_POINT('',(0.66,-0.101504886237,0.919011492948));
#630 = CARTESIAN_POINT('',(0.66,-0.118958160976,0.926453793498));
#631 = CARTESIAN_POINT('',(0.66,-0.127787740677,0.930666021227));
#632 = CARTESIAN_POINT('',(0.66,-0.136306213845,0.935155972835));
#633 = CARTESIAN_POINT('',(0.66,-0.144532125259,0.939904061777));
#634 = CARTESIAN_POINT('',(0.66,-0.152479834979,0.944895594586));
#635 = CARTESIAN_POINT('',(0.66,-0.168328675181,0.955672717204));
#636 = CARTESIAN_POINT('',(0.66,-0.176194628708,0.961488338811));
#637 = CARTESIAN_POINT('',(0.66,-0.183772627725,0.967551590964));
#638 = CARTESIAN_POINT('',(0.66,-0.191071921446,0.973851630909));
#639 = CARTESIAN_POINT('',(0.66,-0.19809849539,0.980379998969));
#640 = CARTESIAN_POINT('',(0.66,-0.211800252103,0.99406561399));
#641 = CARTESIAN_POINT('',(0.66,-0.218460183619,1.001235038361));
#642 = CARTESIAN_POINT('',(0.66,-0.224839916669,1.008630424477));
#643 = CARTESIAN_POINT('',(0.66,-0.230940302033,1.016245317007));
#644 = CARTESIAN_POINT('',(0.66,-0.236759778797,1.024074009311));
#645 = CARTESIAN_POINT('',(0.66,-0.247832030244,1.040150827903));
#646 = CARTESIAN_POINT('',(0.66,-0.253084597548,1.048398894868));
#647 = CARTESIAN_POINT('',(0.66,-0.258049056373,1.056850063306));
#648 = CARTESIAN_POINT('',(0.66,-0.262719990238,1.065498702059));
#649 = CARTESIAN_POINT('',(0.66,-0.267090249501,1.07433884651));
#650 = CARTESIAN_POINT('',(0.66,-0.275134936213,1.092219038761));
#651 = CARTESIAN_POINT('',(0.66,-0.278821023102,1.101251941956));
#652 = CARTESIAN_POINT('',(0.66,-0.282200792082,1.110456832947));
#653 = CARTESIAN_POINT('',(0.66,-0.285264705632,1.119826546568));
#654 = CARTESIAN_POINT('',(0.66,-0.288002108658,1.129352827713));
#655 = CARTESIAN_POINT('',(0.66,-0.29272539517,1.148397615962));
#656 = CARTESIAN_POINT('',(0.66,-0.29473218058,1.157906910826));
#657 = CARTESIAN_POINT('',(0.66,-0.296410836061,1.167545600214));
#658 = CARTESIAN_POINT('',(0.66,-0.297750151594,1.177303530334));
#659 = CARTESIAN_POINT('',(0.66,-0.298738455802,1.187169009313));
#660 = CARTESIAN_POINT('',(0.66,-0.299964918417,1.206708514181));
#661 = CARTESIAN_POINT('',(0.66,-0.300230384291,1.216375379318));
#662 = CARTESIAN_POINT('',(0.66,-0.300149186912,1.226117491764));
#663 = CARTESIAN_POINT('',(0.66,-0.299710710819,1.235921272022));
#664 = CARTESIAN_POINT('',(0.66,-0.298904551758,1.245771471938));
#665 = CARTESIAN_POINT('',(0.66,-0.296585103724,1.265125169703));
#666 = CARTESIAN_POINT('',(0.66,-0.295102339165,1.274626258325));
#667 = CARTESIAN_POINT('',(0.66,-0.293263240337,1.284139377081));
#668 = CARTESIAN_POINT('',(0.66,-0.291059628806,1.293647957516));
#669 = CARTESIAN_POINT('',(0.66,-0.288484130363,1.303133926208));
#670 = CARTESIAN_POINT('',(0.66,-0.282698083788,1.321631884472));
#671 = CARTESIAN_POINT('',(0.66,-0.279518227914,1.330647303479));
#672 = CARTESIAN_POINT('',(0.66,-0.275984860345,1.33960658093));
#673 = CARTESIAN_POINT('',(0.66,-0.272093455342,1.348491200819));
#674 = CARTESIAN_POINT('',(0.66,-0.267840708483,1.357281511993));
#675 = CARTESIAN_POINT('',(0.66,-0.258792476906,1.374285940745));
#676 = CARTESIAN_POINT('',(0.66,-0.254025481533,1.382509111114));
#677 = CARTESIAN_POINT('',(0.66,-0.248921768643,1.390607755283));
#678 = CARTESIAN_POINT('',(0.66,-0.243480982245,1.398562700734));
#679 = CARTESIAN_POINT('',(0.66,-0.237704192262,1.406354086406));
#680 = CARTESIAN_POINT('',(0.66,-0.22571513259,1.421280378602));
#681 = CARTESIAN_POINT('',(0.66,-0.219527706492,1.428429037341));
#682 = CARTESIAN_POINT('',(0.66,-0.213033892817,1.435388992124));
#683 = CARTESIAN_POINT('',(0.66,-0.206237433156,1.442141613477));
#684 = CARTESIAN_POINT('',(0.66,-0.199143534101,1.448667989237));
#685 = CARTESIAN_POINT('',(0.66,-0.184639374507,1.46100431938));
#686 = CARTESIAN_POINT('',(0.66,-0.177249666015,1.466831638372));
#687 = CARTESIAN_POINT('',(0.66,-0.169595736209,1.472413656662));
#688 = CARTESIAN_POINT('',(0.66,-0.161685054894,1.477733175901));
#689 = CARTESIAN_POINT('',(0.66,-0.153526567249,1.482773024258));
#690 = CARTESIAN_POINT('',(0.66,-0.137020407721,1.492097753386));
#691 = CARTESIAN_POINT('',(0.66,-0.128688747003,1.496402530856));
#692 = CARTESIAN_POINT('',(0.66,-0.12014499879,1.500414878928));
#693 = CARTESIAN_POINT('',(0.66,-0.111400259626,1.504119593216));
#694 = CARTESIAN_POINT('',(0.66,-0.102467435485,1.507501774849));
#695 = CARTESIAN_POINT('',(0.66,-8.453493192811E-02,1.513498294635));
#696 = CARTESIAN_POINT('',(0.66,-7.554639694304E-02,1.516132890753));
#697 = CARTESIAN_POINT('',(0.66,-6.64085144705E-02,1.518437847791));
#698 = CARTESIAN_POINT('',(0.66,-5.713783351899E-02,1.520400106432));
#699 = CARTESIAN_POINT('',(0.66,-4.775488525608E-02,1.522007764907));
#700 = CARTESIAN_POINT('',(0.66,-2.969295309097E-02,1.524379864025));
#701 = CARTESIAN_POINT('',(0.66,-2.102888075484E-02,1.525208782901));
#702 = CARTESIAN_POINT('',(0.66,-1.231401679426E-02,1.525730893697));
#703 = CARTESIAN_POINT('',(0.66,-3.572675622322E-03,1.525941364018));
#704 = CARTESIAN_POINT('',(0.66,5.168222805428E-03,1.525838983228));
#705 = CARTESIAN_POINT('',(0.66,2.337847467049E-02,1.524978205181));
#706 = CARTESIAN_POINT('',(0.66,3.284375814827E-02,1.524161190409));
#707 = CARTESIAN_POINT('',(0.66,4.224166817951E-02,1.522980309203));
#708 = CARTESIAN_POINT('',(0.66,5.154498116248E-02,1.52144453626));
#709 = CARTESIAN_POINT('',(0.66,6.073223707979E-02,1.519565307122));
#710 = CARTESIAN_POINT('',(0.66,7.909772773064E-02,1.515080653378));
#711 = CARTESIAN_POINT('',(0.66,8.826753248322E-02,1.512456350085));
#712 = CARTESIAN_POINT('',(0.66,9.727917108862E-02,1.509494369221));
#713 = CARTESIAN_POINT('',(0.66,0.106117308319,1.506208374239));
#714 = CARTESIAN_POINT('',(0.66,0.114768939441,1.502612541932));
#715 = CARTESIAN_POINT('',(0.66,0.131966117695,1.494697909774));
#716 = CARTESIAN_POINT('',(0.66,0.140497702999,1.490358571609));
#717 = CARTESIAN_POINT('',(0.66,0.148806061897,1.485719660214));
#718 = CARTESIAN_POINT('',(0.66,0.156880650792,1.480797427009));
#719 = CARTESIAN_POINT('',(0.66,0.164712466725,1.47560826256));
#720 = CARTESIAN_POINT('',(0.66,0.180151423764,1.464531255078));
#721 = CARTESIAN_POINT('',(0.66,0.187739958872,1.458624810593));
#722 = CARTESIAN_POINT('',(0.66,0.195051326582,1.452467732556));
#723 = CARTESIAN_POINT('',(0.66,0.202078661493,1.446078253645));
#724 = CARTESIAN_POINT('',(0.66,0.208816558921,1.439474469779));
#725 = CARTESIAN_POINT('',(0.66,0.221953232148,1.425612904145));
#726 = CARTESIAN_POINT('',(0.66,0.228328983313,1.41833967682));
#727 = CARTESIAN_POINT('',(0.66,0.234383958936,1.410874731309));
#728 = CARTESIAN_POINT('',(0.66,0.240115246881,1.403237638329));
#729 = CARTESIAN_POINT('',(0.66,0.245521392347,1.395447466144));
#730 = CARTESIAN_POINT('',(0.66,0.255889855564,1.379276097975));
#731 = CARTESIAN_POINT('',(0.66,0.260825146013,1.370883681886));
#732 = CARTESIAN_POINT('',(0.66,0.265408341569,1.362366377835));
#733 = CARTESIAN_POINT('',(0.66,0.269640849736,1.353744088225));
#734 = CARTESIAN_POINT('',(0.66,0.273525413156,1.345035772328));
#735 = CARTESIAN_POINT('',(0.66,0.280757352367,1.327109961101));
#736 = CARTESIAN_POINT('',(0.66,0.284074759274,1.317886517643));
#737 = CARTESIAN_POINT('',(0.66,0.287023012024,1.308609403309));
#738 = CARTESIAN_POINT('',(0.66,0.289607802772,1.299297542852));
#739 = CARTESIAN_POINT('',(0.66,0.291835834134,1.289968498384));
#740 = CARTESIAN_POINT('',(0.66,0.295674958709,1.270905470981));
#741 = CARTESIAN_POINT('',(0.66,0.297255116553,1.261171411794));
#742 = CARTESIAN_POINT('',(0.66,0.298464074992,1.251454521799));
#743 = CARTESIAN_POINT('',(0.66,0.299311100714,1.241771401083));
#744 = CARTESIAN_POINT('',(0.66,0.299805944827,1.232137019844));
#745 = CARTESIAN_POINT('',(0.66,0.30011808361,1.212595326012));
#746 = CARTESIAN_POINT('',(0.66,0.299906283631,1.202693348802));
#747 = CARTESIAN_POINT('',(0.66,0.299334987113,1.192873693594));
#748 = CARTESIAN_POINT('',(0.66,0.298415571185,1.183149633751));
#749 = CARTESIAN_POINT('',(0.66,0.297159245916,1.173532809156));
#750 = CARTESIAN_POINT('',(0.66,0.293937772017,1.154190866917));
#751 = CARTESIAN_POINT('',(0.66,0.291948568133,1.144474505513));
#752 = CARTESIAN_POINT('',(0.66,0.289621677512,1.134895129825));
#753 = CARTESIAN_POINT('',(0.66,0.286968496105,1.125462405282));
#754 = CARTESIAN_POINT('',(0.66,0.283999580964,1.116184674916));
#755 = CARTESIAN_POINT('',(0.66,0.277365684897,1.097719334783));
#756 = CARTESIAN_POINT('',(0.66,0.273684712853,1.08854034335));
#757 = CARTESIAN_POINT('',(0.66,0.269692176119,1.079539433524));
#758 = CARTESIAN_POINT('',(0.66,0.265397048483,1.07072335418));
#759 = CARTESIAN_POINT('',(0.66,0.260806835513,1.062098154612));
#760 = CARTESIAN_POINT('',(0.66,0.251004164416,1.045163946312));
#761 = CARTESIAN_POINT('',(0.66,0.245786379559,1.036858764173));
#762 = CARTESIAN_POINT('',(0.66,0.240280407048,1.028758964174));
#763 = CARTESIAN_POINT('',(0.66,0.234490342534,1.020870115558));
#764 = CARTESIAN_POINT('',(0.66,0.228418190257,1.013198030747));
#765 = CARTESIAN_POINT('',(0.66,0.215801462132,0.998407266407));
#766 = CARTESIAN_POINT('',(0.66,0.209265037039,0.991282398269));
#767 = CARTESIAN_POINT('',(0.66,0.202454011648,0.98438004474));
#768 = CARTESIAN_POINT('',(0.66,0.195365844133,0.977707070031));
#769 = CARTESIAN_POINT('',(0.66,0.187995125017,0.971271927442));
#770 = CARTESIAN_POINT('',(0.66,0.173012685338,0.959175110633));
#771 = CARTESIAN_POINT('',(0.66,0.165426730288,0.953491920673));
#772 = CARTESIAN_POINT('',(0.66,0.157566473117,0.948044968651));
#773 = CARTESIAN_POINT('',(0.66,0.149421191466,0.9428457983));
#774 = CARTESIAN_POINT('',(0.66,0.140976348171,0.937909629891));
#775 = CARTESIAN_POINT('',(0.66,0.124148062588,0.928975570166));
#776 = CARTESIAN_POINT('',(0.66,0.115814079383,0.924934455913));
#777 = CARTESIAN_POINT('',(0.66,0.107194119667,0.921149233675));
#778 = CARTESIAN_POINT('',(0.66,9.826941158436E-02,0.91763978502));
#779 = CARTESIAN_POINT('',(0.66,8.901687105598E-02,0.914432779149));
#780 = CARTESIAN_POINT('',(0.66,6.762842160337E-02,0.908048369916));
#781 = CARTESIAN_POINT('',(0.66,5.540310162877E-02,0.905067930004));
#782 = CARTESIAN_POINT('',(0.66,4.253150709481E-02,0.902628405907));
#783 = CARTESIAN_POINT('',(0.66,2.893757304003E-02,0.900850137762));
#784 = CARTESIAN_POINT('',(0.66,1.468319780375E-02,0.899909084997));
#785 = CARTESIAN_POINT('',(0.66,0.,0.899909083395));
#786 = PLANE('',#787);
#787 = AXIS2_PLACEMENT_3D('',#788,#789,#790);
#788 = CARTESIAN_POINT('',(0.66,1.25,1.25));
#789 = DIRECTION('',(-1.,0.,0.));
#790 = DIRECTION('',(0.,0.,-1.));
#791 = ADVANCED_FACE('',(#792),#811,.T.);
#792 = FACE_BOUND('',#793,.T.);
#793 = EDGE_LOOP('',(#794,#803,#809,#810));
#794 = ORIENTED_EDGE('',*,*,#795,.T.);
#795 = EDGE_CURVE('',#796,#796,#798,.T.);
#796 = VERTEX_POINT('',#797);
#797 = CARTESIAN_POINT('',(5.385,1.125,1.25));
#798 = CIRCLE('',#799,1.125);
#799 = AXIS2_PLACEMENT_3D('',#800,#801,#802);
#800 = CARTESIAN_POINT('',(5.385,0.,1.25));
#801 = DIRECTION('',(-1.,0.,0.));
#802 = DIRECTION('',(0.,1.,0.));
#803 = ORIENTED_EDGE('',*,*,#804,.F.);
#804 = EDGE_CURVE('',#596,#796,#805,.T.);
#805 = LINE('',#806,#807);
#806 = CARTESIAN_POINT('',(0.66,1.125,1.25));
#807 = VECTOR('',#808,1.);
#808 = DIRECTION('',(1.,0.,0.));
#809 = ORIENTED_EDGE('',*,*,#595,.F.);
#810 = ORIENTED_EDGE('',*,*,#804,.T.);
#811 = CYLINDRICAL_SURFACE('',#812,1.125);
#812 = AXIS2_PLACEMENT_3D('',#813,#814,#815);
#813 = CARTESIAN_POINT('',(0.66,0.,1.25));
#814 = DIRECTION('',(-1.,-0.,-0.));
#815 = DIRECTION('',(0.,1.,0.));
#816 = ADVANCED_FACE('',(#817),#837,.T.);
#817 = FACE_BOUND('',#818,.T.);
#818 = EDGE_LOOP('',(#819,#828,#835,#836));
#819 = ORIENTED_EDGE('',*,*,#820,.T.);
#820 = EDGE_CURVE('',#821,#821,#823,.T.);
#821 = VERTEX_POINT('',#822);
#822 = CARTESIAN_POINT('',(0.3,0.,0.35));
#823 = CIRCLE('',#824,0.3);
#824 = AXIS2_PLACEMENT_3D('',#825,#826,#827);
#825 = CARTESIAN_POINT('',(0.,0.,0.35));
#826 = DIRECTION('',(0.,0.,1.));
#827 = DIRECTION('',(1.,0.,-0.));
#828 = ORIENTED_EDGE('',*,*,#829,.T.);
#829 = EDGE_CURVE('',#821,#616,#830,.T.);
#830 = CIRCLE('',#831,0.6);
#831 = AXIS2_PLACEMENT_3D('',#832,#833,#834);
#832 = CARTESIAN_POINT('',(0.9,1.102182119233E-16,0.35));
#833 = DIRECTION('',(0.,1.,-0.));
#834 = DIRECTION('',(-1.,0.,4.93432455389E-16));
#835 = ORIENTED_EDGE('',*,*,#615,.T.);
#836 = ORIENTED_EDGE('',*,*,#829,.F.);
#837 = TOROIDAL_SURFACE('',#838,0.9,0.3);
#838 = AXIS2_PLACEMENT_3D('',#839,#840,#841);
#839 = CARTESIAN_POINT('',(0.9,0.,0.35));
#840 = DIRECTION('',(0.,1.,0.));
#841 = DIRECTION('',(-1.,0.,4.93432455389E-16));
#842 = ADVANCED_FACE('',(#843,#854),#857,.T.);
#843 = FACE_BOUND('',#844,.T.);
#844 = EDGE_LOOP('',(#845));
#845 = ORIENTED_EDGE('',*,*,#846,.F.);
#846 = EDGE_CURVE('',#847,#847,#849,.T.);
#847 = VERTEX_POINT('',#848);
#848 = CARTESIAN_POINT('',(5.385,1.25,1.25));
#849 = CIRCLE('',#850,1.25);
#850 = AXIS2_PLACEMENT_3D('',#851,#852,#853);
#851 = CARTESIAN_POINT('',(5.385,0.,1.25));
#852 = DIRECTION('',(1.,0.,0.));
#853 = DIRECTION('',(-0.,1.,0.));
#854 = FACE_BOUND('',#855,.T.);
#855 = EDGE_LOOP('',(#856));
#856 = ORIENTED_EDGE('',*,*,#795,.F.);
#857 = PLANE('',#858);
#858 = AXIS2_PLACEMENT_3D('',#859,#860,#861);
#859 = CARTESIAN_POINT('',(5.385,1.25,1.25));
#860 = DIRECTION('',(-1.,0.,0.));
#861 = DIRECTION('',(0.,0.,-1.));
#862 = ADVANCED_FACE('',(#863),#882,.T.);
#863 = FACE_BOUND('',#864,.T.);
#864 = EDGE_LOOP('',(#865,#873,#874,#875));
#865 = ORIENTED_EDGE('',*,*,#866,.T.);
#866 = EDGE_CURVE('',#867,#821,#869,.T.);
#867 = VERTEX_POINT('',#868);
#868 = CARTESIAN_POINT('',(0.3,-7.347880794884E-17,-3.));
#869 = LINE('',#870,#871);
#870 = CARTESIAN_POINT('',(0.3,0.,-3.));
#871 = VECTOR('',#872,1.);
#872 = DIRECTION('',(0.,0.,1.));
#873 = ORIENTED_EDGE('',*,*,#820,.F.);
#874 = ORIENTED_EDGE('',*,*,#866,.F.);
#875 = ORIENTED_EDGE('',*,*,#876,.T.);
#876 = EDGE_CURVE('',#867,#867,#877,.T.);
#877 = CIRCLE('',#878,0.3);
#878 = AXIS2_PLACEMENT_3D('',#879,#880,#881);
#879 = CARTESIAN_POINT('',(0.,0.,-3.));
#880 = DIRECTION('',(0.,0.,1.));
#881 = DIRECTION('',(1.,0.,-0.));
#882 = CYLINDRICAL_SURFACE('',#883,0.3);
#883 = AXIS2_PLACEMENT_3D('',#884,#885,#886);
#884 = CARTESIAN_POINT('',(0.,0.,-3.));
#885 = DIRECTION('',(0.,0.,1.));
#886 = DIRECTION('',(1.,0.,-0.));
#887 = ADVANCED_FACE('',(#888),#907,.T.);
#888 = FACE_BOUND('',#889,.T.);
#889 = EDGE_LOOP('',(#890,#891,#899,#906));
#890 = ORIENTED_EDGE('',*,*,#846,.T.);
#891 = ORIENTED_EDGE('',*,*,#892,.T.);
#892 = EDGE_CURVE('',#847,#893,#895,.T.);
#893 = VERTEX_POINT('',#894);
#894 = CARTESIAN_POINT('',(6.335,1.25,1.25));
#895 = LINE('',#896,#897);
#896 = CARTESIAN_POINT('',(5.385,1.25,1.25));
#897 = VECTOR('',#898,1.);
#898 = DIRECTION('',(1.,0.,0.));
#899 = ORIENTED_EDGE('',*,*,#900,.F.);
#900 = EDGE_CURVE('',#893,#893,#901,.T.);
#901 = CIRCLE('',#902,1.25);
#902 = AXIS2_PLACEMENT_3D('',#903,#904,#905);
#903 = CARTESIAN_POINT('',(6.335,0.,1.25));
#904 = DIRECTION('',(1.,0.,0.));
#905 = DIRECTION('',(-0.,1.,0.));
#906 = ORIENTED_EDGE('',*,*,#892,.F.);
#907 = CYLINDRICAL_SURFACE('',#908,1.25);
#908 = AXIS2_PLACEMENT_3D('',#909,#910,#911);
#909 = CARTESIAN_POINT('',(5.385,0.,1.25));
#910 = DIRECTION('',(-1.,-0.,-0.));
#911 = DIRECTION('',(0.,1.,0.));
#912 = ADVANCED_FACE('',(#913),#916,.T.);
#913 = FACE_BOUND('',#914,.F.);
#914 = EDGE_LOOP('',(#915));
#915 = ORIENTED_EDGE('',*,*,#876,.T.);
#916 = PLANE('',#917);
#917 = AXIS2_PLACEMENT_3D('',#918,#919,#920);
#918 = CARTESIAN_POINT('',(0.3,0.,-3.));
#919 = DIRECTION('',(0.,0.,-1.));
#920 = DIRECTION('',(-1.,0.,0.));
#921 = ADVANCED_FACE('',(#922),#942,.T.);
#922 = FACE_BOUND('',#923,.T.);
#923 = EDGE_LOOP('',(#924,#933,#934,#935));
#924 = ORIENTED_EDGE('',*,*,#925,.F.);
#925 = EDGE_CURVE('',#893,#926,#928,.T.);
#926 = VERTEX_POINT('',#927);
#927 = CARTESIAN_POINT('',(6.96,0.625,1.25));
#928 = CIRCLE('',#929,0.625);
#929 = AXIS2_PLACEMENT_3D('',#930,#931,#932);
#930 = CARTESIAN_POINT('',(6.335,0.625,1.25));
#931 = DIRECTION('',(0.,0.,-1.));
#932 = DIRECTION('',(0.,1.,0.));
#933 = ORIENTED_EDGE('',*,*,#900,.T.);
#934 = ORIENTED_EDGE('',*,*,#925,.T.);
#935 = ORIENTED_EDGE('',*,*,#936,.F.);
#936 = EDGE_CURVE('',#926,#926,#937,.T.);
#937 = CIRCLE('',#938,0.625);
#938 = AXIS2_PLACEMENT_3D('',#939,#940,#941);
#939 = CARTESIAN_POINT('',(6.96,0.,1.25));
#940 = DIRECTION('',(1.,0.,0.));
#941 = DIRECTION('',(-0.,1.,0.));
#942 = TOROIDAL_SURFACE('',#943,0.625,0.625);
#943 = AXIS2_PLACEMENT_3D('',#944,#945,#946);
#944 = CARTESIAN_POINT('',(6.335,0.,1.25));
#945 = DIRECTION('',(1.,0.,0.));
#946 = DIRECTION('',(-0.,1.,0.));
#947 = ADVANCED_FACE('',(#948,#951),#1125,.F.);
#948 = FACE_BOUND('',#949,.F.);
#949 = EDGE_LOOP('',(#950));
#950 = ORIENTED_EDGE('',*,*,#936,.F.);
#951 = FACE_BOUND('',#952,.F.);
#952 = EDGE_LOOP('',(#953));
#953 = ORIENTED_EDGE('',*,*,#954,.F.);
#954 = EDGE_CURVE('',#955,#955,#957,.T.);
#955 = VERTEX_POINT('',#956);
#956 = CARTESIAN_POINT('',(6.96,1.102182119233E-16,0.899909083395));
#957 = B_SPLINE_CURVE_WITH_KNOTS('',6,(#958,#959,#960,#961,#962,#963,
    #964,#965,#966,#967,#968,#969,#970,#971,#972,#973,#974,#975,#976,
    #977,#978,#979,#980,#981,#982,#983,#984,#985,#986,#987,#988,#989,
    #990,#991,#992,#993,#994,#995,#996,#997,#998,#999,#1000,#1001,#1002,
    #1003,#1004,#1005,#1006,#1007,#1008,#1009,#1010,#1011,#1012,#1013,
    #1014,#1015,#1016,#1017,#1018,#1019,#1020,#1021,#1022,#1023,#1024,
    #1025,#1026,#1027,#1028,#1029,#1030,#1031,#1032,#1033,#1034,#1035,
    #1036,#1037,#1038,#1039,#1040,#1041,#1042,#1043,#1044,#1045,#1046,
    #1047,#1048,#1049,#1050,#1051,#1052,#1053,#1054,#1055,#1056,#1057,
    #1058,#1059,#1060,#1061,#1062,#1063,#1064,#1065,#1066,#1067,#1068,
    #1069,#1070,#1071,#1072,#1073,#1074,#1075,#1076,#1077,#1078,#1079,
    #1080,#1081,#1082,#1083,#1084,#1085,#1086,#1087,#1088,#1089,#1090,
    #1091,#1092,#1093,#1094,#1095,#1096,#1097,#1098,#1099,#1100,#1101,
    #1102,#1103,#1104,#1105,#1106,#1107,#1108,#1109,#1110,#1111,#1112,
    #1113,#1114,#1115,#1116,#1117,#1118,#1119,#1120,#1121,#1122,#1123,
    #1124),.UNSPECIFIED.,.T.,.F.,(1,6,5,5,5,5,5,5,5,5,5,5,5,5,5,5,5,5,5,
    5,5,5,5,5,5,5,5,5,5,5,5,5,5,5,6,1),(-3.7454922963E-02,0.,
    2.522151735631E-02,5.431626764274E-02,8.648932873413E-02,
    0.120698905604,0.15585219498,0.191016701755,0.225517033144,
    0.258939642143,0.291086884381,0.32191412294,0.351469698498,
    0.379846555914,0.407148198058,0.433469525493,0.458895614127,
    0.483540398702,0.505898369155,0.530279933853,0.555348100008,
    0.581270886766,0.608136607836,0.636034631737,0.665066137875,
    0.695331933304,0.726904811218,0.759787311372,0.793856187529,
    0.828799116201,0.864057997078,0.898806507422,0.932001552493,
    0.962545077037,1.,1.025221517356),.UNSPECIFIED.);
#958 = CARTESIAN_POINT('',(6.96,0.,0.899909083395));
#959 = CARTESIAN_POINT('',(6.96,-9.860167462582E-03,0.89990896861));
#960 = CARTESIAN_POINT('',(6.96,-1.96044152314E-02,0.900333777569));
#961 = CARTESIAN_POINT('',(6.96,-2.906856746895E-02,0.901162791225));
#962 = CARTESIAN_POINT('',(6.96,-3.818494668051E-02,0.902337445313));
#963 = CARTESIAN_POINT('',(6.96,-4.697397432956E-02,0.903804960014));
#964 = CARTESIAN_POINT('',(6.96,-6.54122858756E-02,0.907588661461));
#965 = CARTESIAN_POINT('',(6.96,-7.491985816654E-02,0.909985989386));
#966 = CARTESIAN_POINT('',(6.96,-8.408849098391E-02,0.912709553602));
#967 = CARTESIAN_POINT('',(6.96,-9.294310465939E-02,0.915726321464));
#968 = CARTESIAN_POINT('',(6.96,-0.10150496885,0.919011549987));
#969 = CARTESIAN_POINT('',(6.96,-0.118958221281,0.926453836747));
#970 = CARTESIAN_POINT('',(6.96,-0.127787715696,0.930666010737));
#971 = CARTESIAN_POINT('',(6.96,-0.136306161655,0.935155928941));
#972 = CARTESIAN_POINT('',(6.96,-0.144532121634,0.939904049757));
#973 = CARTESIAN_POINT('',(6.96,-0.152479877126,0.944895641374));
#974 = CARTESIAN_POINT('',(6.96,-0.168328600516,0.955672815412));
#975 = CARTESIAN_POINT('',(6.96,-0.176194773963,0.961488214941));
#976 = CARTESIAN_POINT('',(6.96,-0.183772608747,0.967551566344));
#977 = CARTESIAN_POINT('',(6.96,-0.191071765541,0.973851742068));
#978 = CARTESIAN_POINT('',(6.96,-0.198098606692,0.980379951052));
#979 = CARTESIAN_POINT('',(6.96,-0.211800202804,0.994065659178));
#980 = CARTESIAN_POINT('',(6.96,-0.218460270558,1.001234983766));
#981 = CARTESIAN_POINT('',(6.96,-0.224839910615,1.00863041136));
#982 = CARTESIAN_POINT('',(6.96,-0.230940211566,1.016245364777));
#983 = CARTESIAN_POINT('',(6.96,-0.236759839456,1.024073990789));
#984 = CARTESIAN_POINT('',(6.96,-0.247832003876,1.040150861324));
#985 = CARTESIAN_POINT('',(6.96,-0.253084568675,1.048398903269));
#986 = CARTESIAN_POINT('',(6.96,-0.258049049185,1.05685004652));
#987 = CARTESIAN_POINT('',(6.96,-0.2627200155,1.065498685566));
#988 = CARTESIAN_POINT('',(6.96,-0.267090290802,1.074338848812));
#989 = CARTESIAN_POINT('',(6.96,-0.275134913375,1.092219064394));
#990 = CARTESIAN_POINT('',(6.96,-0.278821000575,1.10125194666));
#991 = CARTESIAN_POINT('',(6.96,-0.282200788118,1.110456818481));
#992 = CARTESIAN_POINT('',(6.96,-0.285264726102,1.119826534893));
#993 = CARTESIAN_POINT('',(6.96,-0.288002139566,1.129352832871));
#994 = CARTESIAN_POINT('',(6.96,-0.292725370416,1.148397637921));
#995 = CARTESIAN_POINT('',(6.96,-0.29473215882,1.157906911838));
#996 = CARTESIAN_POINT('',(6.96,-0.296410834199,1.16754558505));
#997 = CARTESIAN_POINT('',(6.96,-0.297750172302,1.177303521997));
#998 = CARTESIAN_POINT('',(6.96,-0.298738484134,1.187169019587));
#999 = CARTESIAN_POINT('',(6.96,-0.29996489055,1.20670853133));
#1000 = CARTESIAN_POINT('',(6.96,-0.300230362775,1.216375375657));
#1001 = CARTESIAN_POINT('',(6.96,-0.300149187552,1.22611747583));
#1002 = CARTESIAN_POINT('',(6.96,-0.299710732489,1.235921267953));
#1003 = CARTESIAN_POINT('',(6.96,-0.298904577874,1.245771488577));
#1004 = CARTESIAN_POINT('',(6.96,-0.296585075031,1.265125180201));
#1005 = CARTESIAN_POINT('',(6.96,-0.295102319855,1.27462625024));
#1006 = CARTESIAN_POINT('',(6.96,-0.293263243612,1.284139361954));
#1007 = CARTESIAN_POINT('',(6.96,-0.29105964956,1.293647958229));
#1008 = CARTESIAN_POINT('',(6.96,-0.288484151749,1.303133947704));
#1009 = CARTESIAN_POINT('',(6.96,-0.282698057797,1.321631888118));
#1010 = CARTESIAN_POINT('',(6.96,-0.279518212828,1.330647292743));
#1011 = CARTESIAN_POINT('',(6.96,-0.275984865526,1.339606568389));
#1012 = CARTESIAN_POINT('',(6.96,-0.27209347283,1.348491205415));
#1013 = CARTESIAN_POINT('',(6.96,-0.26784072321,1.357281534804));
#1014 = CARTESIAN_POINT('',(6.96,-0.258792456003,1.374285939199));
#1015 = CARTESIAN_POINT('',(6.96,-0.254025471274,1.382509099941));
#1016 = CARTESIAN_POINT('',(6.96,-0.248921774536,1.390607746147));
#1017 = CARTESIAN_POINT('',(6.96,-0.24348099529,1.398562707415));
#1018 = CARTESIAN_POINT('',(6.96,-0.237704200488,1.406354107177));
#1019 = CARTESIAN_POINT('',(6.96,-0.225715116467,1.421280374005));
#1020 = CARTESIAN_POINT('',(6.96,-0.219527700064,1.428429026844));
#1021 = CARTESIAN_POINT('',(6.96,-0.213033898729,1.435388985848));
#1022 = CARTESIAN_POINT('',(6.96,-0.206237442407,1.442141620875));
#1023 = CARTESIAN_POINT('',(6.96,-0.199143537578,1.448668007007));
#1024 = CARTESIAN_POINT('',(6.96,-0.184639358866,1.461004311837));
#1025 = CARTESIAN_POINT('',(6.96,-0.177249661366,1.46683162664));
#1026 = CARTESIAN_POINT('',(6.96,-0.169595743404,1.472413651413));
#1027 = CARTESIAN_POINT('',(6.96,-0.161685063001,1.477733185029));
#1028 = CARTESIAN_POINT('',(6.96,-0.153526567552,1.482773042789));
#1029 = CARTESIAN_POINT('',(6.96,-0.137020377957,1.492097733275));
#1030 = CARTESIAN_POINT('',(6.96,-0.128688741655,1.496402506097));
#1031 = CARTESIAN_POINT('',(6.96,-0.120145015698,1.500414870926));
#1032 = CARTESIAN_POINT('',(6.96,-0.111400273136,1.504119613979));
#1033 = CARTESIAN_POINT('',(6.96,-0.102467429294,1.507501811642));
#1034 = CARTESIAN_POINT('',(6.96,-8.453487359643E-02,1.513498183633));
#1035 = CARTESIAN_POINT('',(6.96,-7.554644720911E-02,1.51613308184));
#1036 = CARTESIAN_POINT('',(6.96,-6.640854708582E-02,1.518437839156));
#1037 = CARTESIAN_POINT('',(6.96,-5.713780068804E-02,1.520399910874));
#1038 = CARTESIAN_POINT('',(6.96,-4.775487845774E-02,1.522007893513));
#1039 = CARTESIAN_POINT('',(6.96,-2.969292548283E-02,1.52437977876));
#1040 = CARTESIAN_POINT('',(6.96,-2.102889094976E-02,1.525208924822));
#1041 = CARTESIAN_POINT('',(6.96,-1.231404153143E-02,1.525730890851));
#1042 = CARTESIAN_POINT('',(6.96,-3.572679276074E-03,1.525941220805));
#1043 = CARTESIAN_POINT('',(6.96,5.168243033088E-03,1.52583907475));
#1044 = CARTESIAN_POINT('',(6.96,2.337844678287E-02,1.524978413229));
#1045 = CARTESIAN_POINT('',(6.96,3.284373024997E-02,1.524160868463));
#1046 = CARTESIAN_POINT('',(6.96,4.224172239025E-02,1.522980299422));
#1047 = CARTESIAN_POINT('',(6.96,5.154503802108E-02,1.521444853212));
#1048 = CARTESIAN_POINT('',(6.96,6.073215666605E-02,1.519565119195));
#1049 = CARTESIAN_POINT('',(6.96,7.909771199475E-02,1.515080715405));
#1050 = CARTESIAN_POINT('',(6.96,8.82675531125E-02,1.512456387335));
#1051 = CARTESIAN_POINT('',(6.96,9.727920151967E-02,1.509494357792));
#1052 = CARTESIAN_POINT('',(6.96,0.106117302403,1.506208331254));
#1053 = CARTESIAN_POINT('',(6.96,0.114768890523,1.502612503667));
#1054 = CARTESIAN_POINT('',(6.96,0.1319661163,1.494697932395));
#1055 = CARTESIAN_POINT('',(6.96,0.140497712216,1.490358583428));
#1056 = CARTESIAN_POINT('',(6.96,0.148806071355,1.485719654426));
#1057 = CARTESIAN_POINT('',(6.96,0.156880646133,1.480797412311));
#1058 = CARTESIAN_POINT('',(6.96,0.164712447986,1.475608252032));
#1059 = CARTESIAN_POINT('',(6.96,0.180151425777,1.46453127229));
#1060 = CARTESIAN_POINT('',(6.96,0.187739967164,1.45862481836));
#1061 = CARTESIAN_POINT('',(6.96,0.195051332691,1.452467727028));
#1062 = CARTESIAN_POINT('',(6.96,0.20207865613,1.446078243141));
#1063 = CARTESIAN_POINT('',(6.96,0.208816543867,1.439474464151));
#1064 = CARTESIAN_POINT('',(6.96,0.221953238059,1.425612923524));
#1065 = CARTESIAN_POINT('',(6.96,0.228328994524,1.418339683896));
#1066 = CARTESIAN_POINT('',(6.96,0.234383964852,1.410874723556));
#1067 = CARTESIAN_POINT('',(6.96,0.240115238483,1.403237627432));
#1068 = CARTESIAN_POINT('',(6.96,0.245521373748,1.395447463058));
#1069 = CARTESIAN_POINT('',(6.96,0.25588986733,1.379276120213));
#1070 = CARTESIAN_POINT('',(6.96,0.260825161615,1.370883687614));
#1071 = CARTESIAN_POINT('',(6.96,0.265408347201,1.362366366749));
#1072 = CARTESIAN_POINT('',(6.96,0.269640836772,1.353744077057));
#1073 = CARTESIAN_POINT('',(6.96,0.273525389215,1.345035773446));
#1074 = CARTESIAN_POINT('',(6.96,0.280757370989,1.327109983642));
#1075 = CARTESIAN_POINT('',(6.96,0.284074778857,1.317886520225));
#1076 = CARTESIAN_POINT('',(6.96,0.28702301626,1.308609389122));
#1077 = CARTESIAN_POINT('',(6.96,0.289607785113,1.29929753334));
#1078 = CARTESIAN_POINT('',(6.96,0.291835806202,1.289968505808));
#1079 = CARTESIAN_POINT('',(6.96,0.295674983107,1.270905490066));
#1080 = CARTESIAN_POINT('',(6.96,0.297255138129,1.261171409814));
#1081 = CARTESIAN_POINT('',(6.96,0.298464076807,1.251454505978));
#1082 = CARTESIAN_POINT('',(6.96,0.299311079865,1.241771395371));
#1083 = CARTESIAN_POINT('',(6.96,0.299805916194,1.232137034265));
#1084 = CARTESIAN_POINT('',(6.96,0.300118111197,1.212595339038));
#1085 = CARTESIAN_POINT('',(6.96,0.299906304864,1.202693342182));
#1086 = CARTESIAN_POINT('',(6.96,0.299334986276,1.192873677979));
#1087 = CARTESIAN_POINT('',(6.96,0.298415549391,1.183149632812));
#1088 = CARTESIAN_POINT('',(6.96,0.29715921972,1.173532829284));
#1089 = CARTESIAN_POINT('',(6.96,0.293937801394,1.154190874));
#1090 = CARTESIAN_POINT('',(6.96,0.291948588365,1.144474495238));
#1091 = CARTESIAN_POINT('',(6.96,0.28962167445,1.134895115228));
#1092 = CARTESIAN_POINT('',(6.96,0.286968474246,1.125462408515));
#1093 = CARTESIAN_POINT('',(6.96,0.283999557728,1.116184698885));
#1094 = CARTESIAN_POINT('',(6.96,0.277365720041,1.097719338125));
#1095 = CARTESIAN_POINT('',(6.96,0.273684735103,1.088540329457));
#1096 = CARTESIAN_POINT('',(6.96,0.269692170683,1.079539418357));
#1097 = CARTESIAN_POINT('',(6.96,0.265397023465,1.070723360764));
#1098 = CARTESIAN_POINT('',(6.96,0.260806811571,1.062098183552));
#1099 = CARTESIAN_POINT('',(6.96,0.251004219697,1.045163947022));
#1100 = CARTESIAN_POINT('',(6.96,0.245786411547,1.036858741787));
#1101 = CARTESIAN_POINT('',(6.96,0.240280395782,1.028758943151));
#1102 = CARTESIAN_POINT('',(6.96,0.234490304979,1.02087012779));
#1103 = CARTESIAN_POINT('',(6.96,0.22841815861,1.013198074729));
#1104 = CARTESIAN_POINT('',(6.96,0.215801547815,0.998407234883));
#1105 = CARTESIAN_POINT('',(6.96,0.209264913083,0.99128247471));
#1106 = CARTESIAN_POINT('',(6.96,0.202454000094,0.984380026053));
#1107 = CARTESIAN_POINT('',(6.96,0.195365961507,0.977706983911));
#1108 = CARTESIAN_POINT('',(6.96,0.187995061392,0.971271997058));
#1109 = CARTESIAN_POINT('',(6.96,0.173012837564,0.959175029375));
#1110 = CARTESIAN_POINT('',(6.96,0.165426529007,0.953492099376));
#1111 = CARTESIAN_POINT('',(6.96,0.157566437944,0.948044934321));
#1112 = CARTESIAN_POINT('',(6.96,0.149421373308,0.942845601948));
#1113 = CARTESIAN_POINT('',(6.96,0.140976264593,0.937909781461));
#1114 = CARTESIAN_POINT('',(6.96,0.124148131162,0.928975627958));
#1115 = CARTESIAN_POINT('',(6.96,0.115814071992,0.924934439518));
#1116 = CARTESIAN_POINT('',(6.96,0.107194037794,0.921149181784));
#1117 = CARTESIAN_POINT('',(6.96,9.826937450524E-02,0.917639774974));
#1118 = CARTESIAN_POINT('',(6.96,8.901696421491E-02,0.914432828225));
#1119 = CARTESIAN_POINT('',(6.96,6.762356037127E-02,0.908046964389));
#1120 = CARTESIAN_POINT('',(6.96,5.540377745077E-02,0.905068595899));
#1121 = CARTESIAN_POINT('',(6.96,4.253681255711E-02,0.902629529668));
#1122 = CARTESIAN_POINT('',(6.96,2.893994360873E-02,0.900849442899));
#1123 = CARTESIAN_POINT('',(6.96,1.46772221458E-02,0.899909046356));
#1124 = CARTESIAN_POINT('',(6.96,0.,0.899909083395));
#1125 = PLANE('',#1126);
#1126 = AXIS2_PLACEMENT_3D('',#1127,#1128,#1129);
#1127 = CARTESIAN_POINT('',(6.96,1.25,1.25));
#1128 = DIRECTION('',(-1.,0.,0.));
#1129 = DIRECTION('',(0.,0.,-1.));
#1130 = ADVANCED_FACE('',(#1131),#1151,.T.);
#1131 = FACE_BOUND('',#1132,.T.);
#1132 = EDGE_LOOP('',(#1133,#1134,#1143,#1150));
#1133 = ORIENTED_EDGE('',*,*,#954,.F.);
#1134 = ORIENTED_EDGE('',*,*,#1135,.T.);
#1135 = EDGE_CURVE('',#955,#1136,#1138,.T.);
#1136 = VERTEX_POINT('',#1137);
#1137 = CARTESIAN_POINT('',(7.32,0.,0.35));
#1138 = CIRCLE('',#1139,0.6);
#1139 = AXIS2_PLACEMENT_3D('',#1140,#1141,#1142);
#1140 = CARTESIAN_POINT('',(6.72,1.102182119233E-16,0.35));
#1141 = DIRECTION('',(0.,1.,0.));
#1142 = DIRECTION('',(0.,-0.,1.));
#1143 = ORIENTED_EDGE('',*,*,#1144,.T.);
#1144 = EDGE_CURVE('',#1136,#1136,#1145,.T.);
#1145 = CIRCLE('',#1146,0.3);
#1146 = AXIS2_PLACEMENT_3D('',#1147,#1148,#1149);
#1147 = CARTESIAN_POINT('',(7.62,0.,0.35));
#1148 = DIRECTION('',(3.828568698927E-16,-0.,1.));
#1149 = DIRECTION('',(1.,0.,-3.828568698927E-16));
#1150 = ORIENTED_EDGE('',*,*,#1135,.F.);
#1151 = TOROIDAL_SURFACE('',#1152,0.9,0.3);
#1152 = AXIS2_PLACEMENT_3D('',#1153,#1154,#1155);
#1153 = CARTESIAN_POINT('',(6.72,0.,0.35));
#1154 = DIRECTION('',(0.,1.,0.));
#1155 = DIRECTION('',(0.,-0.,1.));
#1156 = ADVANCED_FACE('',(#1157),#1176,.T.);
#1157 = FACE_BOUND('',#1158,.T.);
#1158 = EDGE_LOOP('',(#1159,#1167,#1174,#1175));
#1159 = ORIENTED_EDGE('',*,*,#1160,.T.);
#1160 = EDGE_CURVE('',#1136,#1161,#1163,.T.);
#1161 = VERTEX_POINT('',#1162);
#1162 = CARTESIAN_POINT('',(7.32,-7.347880794884E-17,-3.));
#1163 = LINE('',#1164,#1165);
#1164 = CARTESIAN_POINT('',(7.32,0.,0.35));
#1165 = VECTOR('',#1166,1.);
#1166 = DIRECTION('',(0.,0.,-1.));
#1167 = ORIENTED_EDGE('',*,*,#1168,.F.);
#1168 = EDGE_CURVE('',#1161,#1161,#1169,.T.);
#1169 = CIRCLE('',#1170,0.3);
#1170 = AXIS2_PLACEMENT_3D('',#1171,#1172,#1173);
#1171 = CARTESIAN_POINT('',(7.62,0.,-3.));
#1172 = DIRECTION('',(0.,0.,-1.));
#1173 = DIRECTION('',(-1.,0.,0.));
#1174 = ORIENTED_EDGE('',*,*,#1160,.F.);
#1175 = ORIENTED_EDGE('',*,*,#1144,.F.);
#1176 = CYLINDRICAL_SURFACE('',#1177,0.3);
#1177 = AXIS2_PLACEMENT_3D('',#1178,#1179,#1180);
#1178 = CARTESIAN_POINT('',(7.62,0.,0.35));
#1179 = DIRECTION('',(0.,0.,-1.));
#1180 = DIRECTION('',(-1.,0.,0.));
#1181 = ADVANCED_FACE('',(#1182),#1185,.F.);
#1182 = FACE_BOUND('',#1183,.T.);
#1183 = EDGE_LOOP('',(#1184));
#1184 = ORIENTED_EDGE('',*,*,#1168,.T.);
#1185 = PLANE('',#1186);
#1186 = AXIS2_PLACEMENT_3D('',#1187,#1188,#1189);
#1187 = CARTESIAN_POINT('',(7.32,0.,-3.));
#1188 = DIRECTION('',(0.,0.,1.));
#1189 = DIRECTION('',(1.,0.,-0.));
#1190 = ( GEOMETRIC_REPRESENTATION_CONTEXT(3) 
GLOBAL_UNCERTAINTY_ASSIGNED_CONTEXT((#1194)) 
GLOBAL_UNIT_ASSIGNED_CONTEXT((#1191,#1192,#1193)) REPRESENTATION_CONTEXT
('Context #1','3D Context with UNIT and UNCERTAINTY') );
#1191 = ( LENGTH_UNIT() NAMED_UNIT(*) SI_UNIT(.MILLI.,.METRE.) );
#1192 = ( NAMED_UNIT(*) PLANE_ANGLE_UNIT() SI_UNIT($,.RADIAN.) );
#1193 = ( NAMED_UNIT(*) SI_UNIT($,.STERADIAN.) SOLID_ANGLE_UNIT() );
#1194 = UNCERTAINTY_MEASURE_WITH_UNIT(LENGTH_MEASURE(1.E-07),#1191,
  'distance_accuracy_value','confusion accuracy');
#1195 = CONTEXT_DEPENDENT_SHAPE_REPRESENTATION(#1196,#1198);
#1196 = ( REPRESENTATION_RELATIONSHIP('','',#526,#10) 
REPRESENTATION_RELATIONSHIP_WITH_TRANSFORMATION(#1197) 
SHAPE_REPRESENTATION_RELATIONSHIP() );
#1197 = ITEM_DEFINED_TRANSFORMATION('','',#11,#19);
#1198 = PRODUCT_DEFINITION_SHAPE('Placement','Placement of an item',
  #1199);
#1199 = NEXT_ASSEMBLY_USAGE_OCCURRENCE('2','R1','',#5,#521,$);
#1200 = PRODUCT_RELATED_PRODUCT_CATEGORY('part',$,(#523));
#1201 = SHAPE_DEFINITION_REPRESENTATION(#1202,#1208);
#1202 = PRODUCT_DEFINITION_SHAPE('','',#1203);
#1203 = PRODUCT_DEFINITION('design','',#1204,#1207);
#1204 = PRODUCT_DEFINITION_FORMATION('','',#1205);
#1205 = PRODUCT('C_Radial_D6.3mm_H5.0mm_P2.50mm',
  'C_Radial_D6.3mm_H5.0mm_P2.50mm','',(#1206));
#1206 = PRODUCT_CONTEXT('',#2,'mechanical');
#1207 = PRODUCT_DEFINITION_CONTEXT('part definition',#2,'design');
#1208 = ADVANCED_BREP_SHAPE_REPRESENTATION('',(#11,#1209),#2196);
#1209 = BREP_WITH_VOIDS('',#1210,(#2133));
#1210 = CLOSED_SHELL('',(#1211,#1228,#1253,#1284,#1309,#1334,#1354,#1363
    ,#1393,#1428,#1501,#1541,#1614,#1639,#1665,#1685,#1855,#1925,#1949,
    #1965,#1977,#2001,#2017,#2029,#2053,#2069,#2081,#2105,#2121));
#1211 = ADVANCED_FACE('',(#1212),#1223,.F.);
#1212 = FACE_BOUND('',#1213,.F.);
#1213 = EDGE_LOOP('',(#1214));
#1214 = ORIENTED_EDGE('',*,*,#1215,.T.);
#1215 = EDGE_CURVE('',#1216,#1216,#1218,.T.);
#1216 = VERTEX_POINT('',#1217);
#1217 = CARTESIAN_POINT('',(2.2,-1.16341445919E-16,-1.9));
#1218 = CIRCLE('',#1219,0.3);
#1219 = AXIS2_PLACEMENT_3D('',#1220,#1221,#1222);
#1220 = CARTESIAN_POINT('',(2.5,-1.530808498934E-16,-1.9));
#1221 = DIRECTION('',(0.,0.,1.));
#1222 = DIRECTION('',(-1.,1.224646799147E-16,0.));
#1223 = PLANE('',#1224);
#1224 = AXIS2_PLACEMENT_3D('',#1225,#1226,#1227);
#1225 = CARTESIAN_POINT('',(2.5,-1.586395919611E-16,-1.9));
#1226 = DIRECTION('',(0.,0.,1.));
#1227 = DIRECTION('',(-1.,1.224646799147E-16,0.));
#1228 = ADVANCED_FACE('',(#1229),#1248,.T.);
#1229 = FACE_BOUND('',#1230,.T.);
#1230 = EDGE_LOOP('',(#1231,#1240,#1246,#1247));
#1231 = ORIENTED_EDGE('',*,*,#1232,.F.);
#1232 = EDGE_CURVE('',#1233,#1233,#1235,.T.);
#1233 = VERTEX_POINT('',#1234);
#1234 = CARTESIAN_POINT('',(2.2,-1.16341445919E-16,0.2));
#1235 = CIRCLE('',#1236,0.3);
#1236 = AXIS2_PLACEMENT_3D('',#1237,#1238,#1239);
#1237 = CARTESIAN_POINT('',(2.5,-1.530808498934E-16,0.2));
#1238 = DIRECTION('',(0.,0.,1.));
#1239 = DIRECTION('',(-1.,1.224646799147E-16,0.));
#1240 = ORIENTED_EDGE('',*,*,#1241,.T.);
#1241 = EDGE_CURVE('',#1233,#1216,#1242,.T.);
#1242 = LINE('',#1243,#1244);
#1243 = CARTESIAN_POINT('',(2.2,-1.16341445919E-16,0.3));
#1244 = VECTOR('',#1245,1.);
#1245 = DIRECTION('',(0.,0.,-1.));
#1246 = ORIENTED_EDGE('',*,*,#1215,.T.);
#1247 = ORIENTED_EDGE('',*,*,#1241,.F.);
#1248 = CYLINDRICAL_SURFACE('',#1249,0.3);
#1249 = AXIS2_PLACEMENT_3D('',#1250,#1251,#1252);
#1250 = CARTESIAN_POINT('',(2.5,-1.530808498934E-16,0.3));
#1251 = DIRECTION('',(0.,0.,1.));
#1252 = DIRECTION('',(-1.,1.224646799147E-16,0.));
#1253 = ADVANCED_FACE('',(#1254,#1265,#1268),#1279,.F.);
#1254 = FACE_BOUND('',#1255,.F.);
#1255 = EDGE_LOOP('',(#1256));
#1256 = ORIENTED_EDGE('',*,*,#1257,.T.);
#1257 = EDGE_CURVE('',#1258,#1258,#1260,.T.);
#1258 = VERTEX_POINT('',#1259);
#1259 = CARTESIAN_POINT('',(3.455,-5.40069238424E-16,0.2));
#1260 = CIRCLE('',#1261,2.205);
#1261 = AXIS2_PLACEMENT_3D('',#1262,#1263,#1264);
#1262 = CARTESIAN_POINT('',(1.25,0.,0.2));
#1263 = DIRECTION('',(-0.,0.,1.));
#1264 = DIRECTION('',(1.,-2.449293598295E-16,0.));
#1265 = FACE_BOUND('',#1266,.F.);
#1266 = EDGE_LOOP('',(#1267));
#1267 = ORIENTED_EDGE('',*,*,#1232,.F.);
#1268 = FACE_BOUND('',#1269,.F.);
#1269 = EDGE_LOOP('',(#1270));
#1270 = ORIENTED_EDGE('',*,*,#1271,.F.);
#1271 = EDGE_CURVE('',#1272,#1272,#1274,.T.);
#1272 = VERTEX_POINT('',#1273);
#1273 = CARTESIAN_POINT('',(-0.3,1.898202538678E-16,0.2));
#1274 = CIRCLE('',#1275,0.3);
#1275 = AXIS2_PLACEMENT_3D('',#1276,#1277,#1278);
#1276 = CARTESIAN_POINT('',(0.,1.530808498934E-16,0.2));
#1277 = DIRECTION('',(0.,0.,1.));
#1278 = DIRECTION('',(-1.,1.224646799147E-16,0.));
#1279 = PLANE('',#1280);
#1280 = AXIS2_PLACEMENT_3D('',#1281,#1282,#1283);
#1281 = CARTESIAN_POINT('',(1.25,1.425463059326E-16,0.2));
#1282 = DIRECTION('',(0.,0.,1.));
#1283 = DIRECTION('',(1.,-2.449293598295E-16,0.));
#1284 = ADVANCED_FACE('',(#1285),#1304,.F.);
#1285 = FACE_BOUND('',#1286,.F.);
#1286 = EDGE_LOOP('',(#1287,#1288,#1296,#1303));
#1287 = ORIENTED_EDGE('',*,*,#1257,.F.);
#1288 = ORIENTED_EDGE('',*,*,#1289,.T.);
#1289 = EDGE_CURVE('',#1258,#1290,#1292,.T.);
#1290 = VERTEX_POINT('',#1291);
#1291 = CARTESIAN_POINT('',(3.455,-5.40069238424E-16,0.));
#1292 = LINE('',#1293,#1294);
#1293 = CARTESIAN_POINT('',(3.455,-5.40069238424E-16,0.3));
#1294 = VECTOR('',#1295,1.);
#1295 = DIRECTION('',(0.,0.,-1.));
#1296 = ORIENTED_EDGE('',*,*,#1297,.F.);
#1297 = EDGE_CURVE('',#1290,#1290,#1298,.T.);
#1298 = CIRCLE('',#1299,2.205);
#1299 = AXIS2_PLACEMENT_3D('',#1300,#1301,#1302);
#1300 = CARTESIAN_POINT('',(1.25,0.,0.));
#1301 = DIRECTION('',(0.,-0.,-1.));
#1302 = DIRECTION('',(1.,-2.449293598295E-16,0.));
#1303 = ORIENTED_EDGE('',*,*,#1289,.F.);
#1304 = CYLINDRICAL_SURFACE('',#1305,2.205);
#1305 = AXIS2_PLACEMENT_3D('',#1306,#1307,#1308);
#1306 = CARTESIAN_POINT('',(1.25,0.,0.3));
#1307 = DIRECTION('',(0.,0.,-1.));
#1308 = DIRECTION('',(1.,-2.449293598295E-16,0.));
#1309 = ADVANCED_FACE('',(#1310),#1329,.T.);
#1310 = FACE_BOUND('',#1311,.T.);
#1311 = EDGE_LOOP('',(#1312,#1313,#1321,#1328));
#1312 = ORIENTED_EDGE('',*,*,#1271,.F.);
#1313 = ORIENTED_EDGE('',*,*,#1314,.T.);
#1314 = EDGE_CURVE('',#1272,#1315,#1317,.T.);
#1315 = VERTEX_POINT('',#1316);
#1316 = CARTESIAN_POINT('',(-0.3,1.898202538678E-16,-2.));
#1317 = LINE('',#1318,#1319);
#1318 = CARTESIAN_POINT('',(-0.3,1.898202538678E-16,0.3));
#1319 = VECTOR('',#1320,1.);
#1320 = DIRECTION('',(0.,0.,-1.));
#1321 = ORIENTED_EDGE('',*,*,#1322,.T.);
#1322 = EDGE_CURVE('',#1315,#1315,#1323,.T.);
#1323 = CIRCLE('',#1324,0.3);
#1324 = AXIS2_PLACEMENT_3D('',#1325,#1326,#1327);
#1325 = CARTESIAN_POINT('',(0.,1.530808498934E-16,-2.));
#1326 = DIRECTION('',(0.,0.,1.));
#1327 = DIRECTION('',(-1.,1.224646799147E-16,0.));
#1328 = ORIENTED_EDGE('',*,*,#1314,.F.);
#1329 = CYLINDRICAL_SURFACE('',#1330,0.3);
#1330 = AXIS2_PLACEMENT_3D('',#1331,#1332,#1333);
#1331 = CARTESIAN_POINT('',(0.,1.530808498934E-16,0.3));
#1332 = DIRECTION('',(0.,0.,1.));
#1333 = DIRECTION('',(-1.,1.224646799147E-16,0.));
#1334 = ADVANCED_FACE('',(#1335,#1338),#1349,.T.);
#1335 = FACE_BOUND('',#1336,.F.);
#1336 = EDGE_LOOP('',(#1337));
#1337 = ORIENTED_EDGE('',*,*,#1297,.T.);
#1338 = FACE_BOUND('',#1339,.F.);
#1339 = EDGE_LOOP('',(#1340));
#1340 = ORIENTED_EDGE('',*,*,#1341,.F.);
#1341 = EDGE_CURVE('',#1342,#1342,#1344,.T.);
#1342 = VERTEX_POINT('',#1343);
#1343 = CARTESIAN_POINT('',(4.2,-7.225416114969E-16,-5.551115123126E-17)
  );
#1344 = CIRCLE('',#1345,2.95);
#1345 = AXIS2_PLACEMENT_3D('',#1346,#1347,#1348);
#1346 = CARTESIAN_POINT('',(1.25,0.,-5.551115123126E-17));
#1347 = DIRECTION('',(0.,-0.,-1.));
#1348 = DIRECTION('',(1.,-2.449293598295E-16,0.));
#1349 = PLANE('',#1350);
#1350 = AXIS2_PLACEMENT_3D('',#1351,#1352,#1353);
#1351 = CARTESIAN_POINT('',(1.25,0.,0.));
#1352 = DIRECTION('',(0.,0.,-1.));
#1353 = DIRECTION('',(1.,-2.449293598295E-16,0.));
#1354 = ADVANCED_FACE('',(#1355),#1358,.F.);
#1355 = FACE_BOUND('',#1356,.F.);
#1356 = EDGE_LOOP('',(#1357));
#1357 = ORIENTED_EDGE('',*,*,#1322,.T.);
#1358 = PLANE('',#1359);
#1359 = AXIS2_PLACEMENT_3D('',#1360,#1361,#1362);
#1360 = CARTESIAN_POINT('',(0.,1.475221078258E-16,-2.));
#1361 = DIRECTION('',(0.,0.,1.));
#1362 = DIRECTION('',(-1.,1.224646799147E-16,0.));
#1363 = ADVANCED_FACE('',(#1364),#1384,.F.);
#1364 = FACE_BOUND('',#1365,.F.);
#1365 = EDGE_LOOP('',(#1366,#1367,#1376,#1383));
#1366 = ORIENTED_EDGE('',*,*,#1341,.T.);
#1367 = ORIENTED_EDGE('',*,*,#1368,.T.);
#1368 = EDGE_CURVE('',#1342,#1369,#1371,.T.);
#1369 = VERTEX_POINT('',#1370);
#1370 = CARTESIAN_POINT('',(4.4,-7.715274834628E-16,0.2));
#1371 = CIRCLE('',#1372,0.2);
#1372 = AXIS2_PLACEMENT_3D('',#1373,#1374,#1375);
#1373 = CARTESIAN_POINT('',(4.2,-7.225416114969E-16,0.2));
#1374 = DIRECTION('',(-2.449293598295E-16,-1.,0.));
#1375 = DIRECTION('',(2.22044604925E-15,-5.438524293787E-31,-1.));
#1376 = ORIENTED_EDGE('',*,*,#1377,.F.);
#1377 = EDGE_CURVE('',#1369,#1369,#1378,.T.);
#1378 = CIRCLE('',#1379,3.15);
#1379 = AXIS2_PLACEMENT_3D('',#1380,#1381,#1382);
#1380 = CARTESIAN_POINT('',(1.25,0.,0.2));
#1381 = DIRECTION('',(0.,-0.,-1.));
#1382 = DIRECTION('',(1.,-2.449293598295E-16,0.));
#1383 = ORIENTED_EDGE('',*,*,#1368,.F.);
#1384 = SURFACE_OF_REVOLUTION('',#1385,#1390);
#1385 = CIRCLE('',#1386,0.2);
#1386 = AXIS2_PLACEMENT_3D('',#1387,#1388,#1389);
#1387 = CARTESIAN_POINT('',(4.2,-7.225416114969E-16,0.2));
#1388 = DIRECTION('',(-2.449293598295E-16,-1.,0.));
#1389 = DIRECTION('',(2.22044604925E-15,-5.438524293787E-31,-1.));
#1390 = AXIS1_PLACEMENT('',#1391,#1392);
#1391 = CARTESIAN_POINT('',(1.25,0.,0.));
#1392 = DIRECTION('',(0.,0.,-1.));
#1393 = ADVANCED_FACE('',(#1394),#1423,.T.);
#1394 = FACE_BOUND('',#1395,.T.);
#1395 = EDGE_LOOP('',(#1396,#1415,#1421,#1422));
#1396 = ORIENTED_EDGE('',*,*,#1397,.T.);
#1397 = EDGE_CURVE('',#1398,#1398,#1400,.T.);
#1398 = VERTEX_POINT('',#1399);
#1399 = CARTESIAN_POINT('',(4.4,-7.715274834628E-16,1.064979142851));
#1400 = ( BOUNDED_CURVE() B_SPLINE_CURVE(13,(#1401,#1402,#1403,#1404,
    #1405,#1406,#1407,#1408,#1409,#1410,#1411,#1412,#1413,#1414),
.UNSPECIFIED.,.T.,.F.) B_SPLINE_CURVE_WITH_KNOTS((1,13,13,1),(
    -19.79203371761,3.914259941243E-16,19.792033717616,39.584067435232),
.UNSPECIFIED.) CURVE() GEOMETRIC_REPRESENTATION_ITEM() 
RATIONAL_B_SPLINE_CURVE((1.,1.,1.000000000001,0.999999999998,
    1.000000000004,0.999999999994,1.000000000007,0.999999999994,
    1.000000000005,0.999999999997,1.000000000001,1.,1.,1.)) 
REPRESENTATION_ITEM('') );
#1401 = CARTESIAN_POINT('',(4.4,-7.715274834628E-16,1.064979142851));
#1402 = CARTESIAN_POINT('',(4.400000000001,-1.500440617323,
    1.064979142851));
#1403 = CARTESIAN_POINT('',(3.624522784297,-3.035482525997,
    1.064979142851));
#1404 = CARTESIAN_POINT('',(2.028699260132,-4.133102804311,
    1.064979142851));
#1405 = CARTESIAN_POINT('',(-0.167356467598,-4.30167636091,
    1.064979142851));
#1406 = CARTESIAN_POINT('',(-2.064487228419,-3.131786890302,
    1.064979142852));
#1407 = CARTESIAN_POINT('',(-3.455833357229,-1.424009627089,
    1.064979142851));
#1408 = CARTESIAN_POINT('',(-3.455833357257,1.424009627108,
    1.064979142852));
#1409 = CARTESIAN_POINT('',(-2.064487228411,3.13178689027,1.064979142851
    ));
#1410 = CARTESIAN_POINT('',(-0.167356467591,4.301676360939,
    1.064979142852));
#1411 = CARTESIAN_POINT('',(2.028699260121,4.133102804298,1.064979142851
    ));
#1412 = CARTESIAN_POINT('',(3.624522784302,3.035482526,1.064979142851));
#1413 = CARTESIAN_POINT('',(4.399999999999,1.500440617323,1.064979142851
    ));
#1414 = CARTESIAN_POINT('',(4.4,-7.715274834628E-16,1.064979142851));
#1415 = ORIENTED_EDGE('',*,*,#1416,.F.);
#1416 = EDGE_CURVE('',#1369,#1398,#1417,.T.);
#1417 = LINE('',#1418,#1419);
#1418 = CARTESIAN_POINT('',(4.4,-7.715274834628E-16,0.2));
#1419 = VECTOR('',#1420,1.);
#1420 = DIRECTION('',(0.,0.,1.));
#1421 = ORIENTED_EDGE('',*,*,#1377,.F.);
#1422 = ORIENTED_EDGE('',*,*,#1416,.T.);
#1423 = CYLINDRICAL_SURFACE('',#1424,3.15);
#1424 = AXIS2_PLACEMENT_3D('',#1425,#1426,#1427);
#1425 = CARTESIAN_POINT('',(1.25,0.,0.2));
#1426 = DIRECTION('',(0.,0.,1.));
#1427 = DIRECTION('',(1.,-2.449293598295E-16,0.));
#1428 = ADVANCED_FACE('',(#1429),#1458,.T.);
#1429 = FACE_BOUND('',#1430,.T.);
#1430 = EDGE_LOOP('',(#1431,#1439,#1456,#1457));
#1431 = ORIENTED_EDGE('',*,*,#1432,.T.);
#1432 = EDGE_CURVE('',#1398,#1433,#1435,.T.);
#1433 = VERTEX_POINT('',#1434);
#1434 = CARTESIAN_POINT('',(4.319629897377,-7.518424856778E-16,
    1.269338405373));
#1435 = ( BOUNDED_CURVE() B_SPLINE_CURVE(2,(#1436,#1437,#1438),
.UNSPECIFIED.,.F.,.F.) B_SPLINE_CURVE_WITH_KNOTS((3,3),(0.,
19.792033717616),.PIECEWISE_BEZIER_KNOTS.) CURVE() 
GEOMETRIC_REPRESENTATION_ITEM() RATIONAL_B_SPLINE_CURVE((1.,
0.93061798229,1.)) REPRESENTATION_ITEM('') );
#1436 = CARTESIAN_POINT('',(4.4,-7.715274834628E-16,1.064979142851));
#1437 = CARTESIAN_POINT('',(4.4,-1.976292937529E-15,1.182962690499));
#1438 = CARTESIAN_POINT('',(4.319629897377,-7.518424856778E-16,
    1.269338405373));
#1439 = ORIENTED_EDGE('',*,*,#1440,.T.);
#1440 = EDGE_CURVE('',#1433,#1433,#1441,.T.);
#1441 = ( BOUNDED_CURVE() B_SPLINE_CURVE(13,(#1442,#1443,#1444,#1445,
    #1446,#1447,#1448,#1449,#1450,#1451,#1452,#1453,#1454,#1455),
.UNSPECIFIED.,.T.,.F.) B_SPLINE_CURVE_WITH_KNOTS((1,13,13,1),(
    -19.79203371761,3.914259941243E-16,19.792033717616,39.584067435232),
.UNSPECIFIED.) CURVE() GEOMETRIC_REPRESENTATION_ITEM() 
RATIONAL_B_SPLINE_CURVE((1.,1.,1.000000000001,0.999999999998,
    1.000000000004,0.999999999994,1.000000000007,0.999999999994,
    1.000000000005,0.999999999997,1.000000000001,1.,1.,1.)) 
REPRESENTATION_ITEM('') );
#1442 = CARTESIAN_POINT('',(4.319629897377,-7.518424856778E-16,
    1.269338405373));
#1443 = CARTESIAN_POINT('',(4.319629897377,-1.462157897832,
    1.269338405373));
#1444 = CARTESIAN_POINT('',(3.563938454184,-2.958034258655,
    1.269338405373));
#1445 = CARTESIAN_POINT('',(2.008831279353,-4.027649503823,
    1.269338405373));
#1446 = CARTESIAN_POINT('',(-0.131193583547,-4.191922021045,
    1.269338405373));
#1447 = CARTESIAN_POINT('',(-1.979920346296,-3.051881482754,
    1.269338405373));
#1448 = CARTESIAN_POINT('',(-3.335767227117,-1.387676992214,
    1.269338405373));
#1449 = CARTESIAN_POINT('',(-3.335767227146,1.387676992232,
    1.269338405373));
#1450 = CARTESIAN_POINT('',(-1.979920346286,3.051881482722,
    1.269338405373));
#1451 = CARTESIAN_POINT('',(-0.131193583542,4.191922021073,
    1.269338405373));
#1452 = CARTESIAN_POINT('',(2.008831279344,4.027649503809,1.269338405373
    ));
#1453 = CARTESIAN_POINT('',(3.563938454189,2.958034258659,1.269338405373
    ));
#1454 = CARTESIAN_POINT('',(4.319629897376,1.462157897832,1.269338405373
    ));
#1455 = CARTESIAN_POINT('',(4.319629897377,-7.518424856778E-16,
    1.269338405373));
#1456 = ORIENTED_EDGE('',*,*,#1432,.F.);
#1457 = ORIENTED_EDGE('',*,*,#1397,.F.);
#1458 = ( BOUNDED_SURFACE() B_SPLINE_SURFACE(2,13,(
    (#1459,#1460,#1461,#1462,#1463,#1464,#1465,#1466,#1467,#1468,#1469
      ,#1470,#1471,#1472)
    ,(#1473,#1474,#1475,#1476,#1477,#1478,#1479,#1480,#1481,#1482,#1483
      ,#1484,#1485,#1486)
    ,(#1487,#1488,#1489,#1490,#1491,#1492,#1493,#1494,#1495,#1496,#1497
      ,#1498,#1499,#1500
)),.UNSPECIFIED.,.F.,.T.,.F.) B_SPLINE_SURFACE_WITH_KNOTS((3,3),(1,13,13
    ,1),(0.,19.792033717616),(-19.79203371761,3.914259941243E-16,
    19.792033717616,39.584067435232),.UNSPECIFIED.) 
GEOMETRIC_REPRESENTATION_ITEM() RATIONAL_B_SPLINE_SURFACE((
    (1.,1.,1.000000000001,0.999999999998,1.000000000004,0.999999999994
      ,1.000000000007,0.999999999994,1.000000000005,0.999999999997
      ,1.000000000001,1.,1.,1.)
    ,(0.93061798229,0.93061798229,0.93061798229,0.930617982288
      ,0.930617982293,0.930617982285,0.930617982295,0.930617982284
      ,0.930617982294,0.930617982287,0.930617982291,0.930617982289
      ,0.93061798229,0.93061798229)
    ,(1.,1.,1.000000000001,0.999999999998,1.000000000004,0.999999999994
      ,1.000000000007,0.999999999994,1.000000000005,0.999999999997
,1.000000000001,1.,1.,1.))) REPRESENTATION_ITEM('') SURFACE() );
#1459 = CARTESIAN_POINT('',(4.4,-7.715274834628E-16,1.064979142851));
#1460 = CARTESIAN_POINT('',(4.400000000001,-1.500440617323,
    1.064979142851));
#1461 = CARTESIAN_POINT('',(3.624522784297,-3.035482525997,
    1.064979142851));
#1462 = CARTESIAN_POINT('',(2.028699260132,-4.133102804311,
    1.064979142851));
#1463 = CARTESIAN_POINT('',(-0.167356467598,-4.30167636091,
    1.064979142851));
#1464 = CARTESIAN_POINT('',(-2.064487228419,-3.131786890302,
    1.064979142852));
#1465 = CARTESIAN_POINT('',(-3.455833357229,-1.424009627089,
    1.064979142851));
#1466 = CARTESIAN_POINT('',(-3.455833357257,1.424009627108,
    1.064979142852));
#1467 = CARTESIAN_POINT('',(-2.064487228411,3.13178689027,1.064979142851
    ));
#1468 = CARTESIAN_POINT('',(-0.167356467591,4.301676360939,
    1.064979142852));
#1469 = CARTESIAN_POINT('',(2.028699260121,4.133102804298,1.064979142851
    ));
#1470 = CARTESIAN_POINT('',(3.624522784302,3.035482526,1.064979142851));
#1471 = CARTESIAN_POINT('',(4.399999999999,1.500440617323,1.064979142851
    ));
#1472 = CARTESIAN_POINT('',(4.4,-7.715274834628E-16,1.064979142851));
#1473 = CARTESIAN_POINT('',(4.4,-1.976292937529E-15,1.182962690499));
#1474 = CARTESIAN_POINT('',(4.400000000001,-1.500440617323,
    1.182962690499));
#1475 = CARTESIAN_POINT('',(3.624522784298,-3.035482525997,
    1.182962690499));
#1476 = CARTESIAN_POINT('',(2.028699260129,-4.133102804311,
    1.182962690499));
#1477 = CARTESIAN_POINT('',(-0.167356467594,-4.30167636091,
    1.182962690499));
#1478 = CARTESIAN_POINT('',(-2.064487228423,-3.131786890304,
    1.182962690499));
#1479 = CARTESIAN_POINT('',(-3.455833357225,-1.424009627085,
    1.182962690499));
#1480 = CARTESIAN_POINT('',(-3.455833357263,1.424009627102,
    1.182962690499));
#1481 = CARTESIAN_POINT('',(-2.064487228405,3.131786890273,
    1.182962690499));
#1482 = CARTESIAN_POINT('',(-0.167356467595,4.301676360937,
    1.182962690499));
#1483 = CARTESIAN_POINT('',(2.028699260123,4.133102804298,1.182962690499
    ));
#1484 = CARTESIAN_POINT('',(3.624522784302,3.035482526,1.182962690499));
#1485 = CARTESIAN_POINT('',(4.4,1.500440617323,1.182962690499));
#1486 = CARTESIAN_POINT('',(4.4,-1.976292937529E-15,1.182962690499));
#1487 = CARTESIAN_POINT('',(4.319629897377,-7.518424856778E-16,
    1.269338405373));
#1488 = CARTESIAN_POINT('',(4.319629897377,-1.462157897832,
    1.269338405373));
#1489 = CARTESIAN_POINT('',(3.563938454184,-2.958034258655,
    1.269338405373));
#1490 = CARTESIAN_POINT('',(2.008831279353,-4.027649503823,
    1.269338405373));
#1491 = CARTESIAN_POINT('',(-0.131193583547,-4.191922021045,
    1.269338405373));
#1492 = CARTESIAN_POINT('',(-1.979920346296,-3.051881482754,
    1.269338405373));
#1493 = CARTESIAN_POINT('',(-3.335767227117,-1.387676992214,
    1.269338405373));
#1494 = CARTESIAN_POINT('',(-3.335767227146,1.387676992232,
    1.269338405373));
#1495 = CARTESIAN_POINT('',(-1.979920346286,3.051881482722,
    1.269338405373));
#1496 = CARTESIAN_POINT('',(-0.131193583542,4.191922021073,
    1.269338405373));
#1497 = CARTESIAN_POINT('',(2.008831279344,4.027649503809,1.269338405373
    ));
#1498 = CARTESIAN_POINT('',(3.563938454189,2.958034258659,1.269338405373
    ));
#1499 = CARTESIAN_POINT('',(4.319629897376,1.462157897832,1.269338405373
    ));
#1500 = CARTESIAN_POINT('',(4.319629897377,-7.518424856778E-16,
    1.269338405373));
#1501 = ADVANCED_FACE('',(#1502),#1532,.F.);
#1502 = FACE_BOUND('',#1503,.F.);
#1503 = EDGE_LOOP('',(#1504,#1513,#1514,#1515));
#1504 = ORIENTED_EDGE('',*,*,#1505,.F.);
#1505 = EDGE_CURVE('',#1433,#1506,#1508,.T.);
#1506 = VERTEX_POINT('',#1507);
#1507 = CARTESIAN_POINT('',(4.319629897377,-7.518424856778E-16,
    1.930661594627));
#1508 = CIRCLE('',#1509,0.485412195974);
#1509 = AXIS2_PLACEMENT_3D('',#1510,#1511,#1512);
#1510 = CARTESIAN_POINT('',(4.675,-8.388830574159E-16,1.6));
#1511 = DIRECTION('',(2.449293598295E-16,1.,0.));
#1512 = DIRECTION('',(-0.566528822887,1.387595419147E-16,-0.824041924199
    ));
#1513 = ORIENTED_EDGE('',*,*,#1440,.T.);
#1514 = ORIENTED_EDGE('',*,*,#1505,.T.);
#1515 = ORIENTED_EDGE('',*,*,#1516,.F.);
#1516 = EDGE_CURVE('',#1506,#1506,#1517,.T.);
#1517 = ( BOUNDED_CURVE() B_SPLINE_CURVE(13,(#1518,#1519,#1520,#1521,
    #1522,#1523,#1524,#1525,#1526,#1527,#1528,#1529,#1530,#1531),
.UNSPECIFIED.,.T.,.F.) B_SPLINE_CURVE_WITH_KNOTS((1,13,13,1),(
    -19.79203371761,3.914259941243E-16,19.792033717616,39.584067435232),
.UNSPECIFIED.) CURVE() GEOMETRIC_REPRESENTATION_ITEM() 
RATIONAL_B_SPLINE_CURVE((1.,1.,1.000000000001,0.999999999998,
    1.000000000004,0.999999999994,1.000000000007,0.999999999994,
    1.000000000005,0.999999999997,1.000000000001,1.,1.,1.)) 
REPRESENTATION_ITEM('') );
#1518 = CARTESIAN_POINT('',(4.319629897377,-7.518424856778E-16,
    1.930661594627));
#1519 = CARTESIAN_POINT('',(4.319629897377,-1.462157897833,
    1.930661594627));
#1520 = CARTESIAN_POINT('',(3.563938454184,-2.958034258655,
    1.930661594627));
#1521 = CARTESIAN_POINT('',(2.008831279353,-4.027649503824,
    1.930661594627));
#1522 = CARTESIAN_POINT('',(-0.131193583546,-4.191922021043,
    1.930661594627));
#1523 = CARTESIAN_POINT('',(-1.979920346298,-3.051881482758,
    1.930661594627));
#1524 = CARTESIAN_POINT('',(-3.335767227115,-1.387676992209,
    1.930661594627));
#1525 = CARTESIAN_POINT('',(-3.335767227148,1.387676992226,
    1.930661594628));
#1526 = CARTESIAN_POINT('',(-1.979920346285,3.051881482728,
    1.930661594627));
#1527 = CARTESIAN_POINT('',(-0.131193583543,4.191922021069,
    1.930661594627));
#1528 = CARTESIAN_POINT('',(2.008831279344,4.027649503812,1.930661594627
    ));
#1529 = CARTESIAN_POINT('',(3.563938454189,2.958034258658,1.930661594627
    ));
#1530 = CARTESIAN_POINT('',(4.319629897376,1.462157897832,1.930661594627
    ));
#1531 = CARTESIAN_POINT('',(4.319629897377,-7.518424856778E-16,
    1.930661594627));
#1532 = SURFACE_OF_REVOLUTION('',#1533,#1538);
#1533 = CIRCLE('',#1534,0.485412195974);
#1534 = AXIS2_PLACEMENT_3D('',#1535,#1536,#1537);
#1535 = CARTESIAN_POINT('',(4.675,-8.388830574159E-16,1.6));
#1536 = DIRECTION('',(2.449293598295E-16,1.,0.));
#1537 = DIRECTION('',(-0.566528822887,1.387595419147E-16,-0.824041924199
    ));
#1538 = AXIS1_PLACEMENT('',#1539,#1540);
#1539 = CARTESIAN_POINT('',(1.25,0.,0.));
#1540 = DIRECTION('',(0.,0.,-1.));
#1541 = ADVANCED_FACE('',(#1542),#1571,.T.);
#1542 = FACE_BOUND('',#1543,.T.);
#1543 = EDGE_LOOP('',(#1544,#1552,#1569,#1570));
#1544 = ORIENTED_EDGE('',*,*,#1545,.T.);
#1545 = EDGE_CURVE('',#1506,#1546,#1548,.T.);
#1546 = VERTEX_POINT('',#1547);
#1547 = CARTESIAN_POINT('',(4.4,-7.715274834628E-16,2.135020857149));
#1548 = ( BOUNDED_CURVE() B_SPLINE_CURVE(2,(#1549,#1550,#1551),
.UNSPECIFIED.,.F.,.F.) B_SPLINE_CURVE_WITH_KNOTS((3,3),(0.,
19.792033717616),.PIECEWISE_BEZIER_KNOTS.) CURVE() 
GEOMETRIC_REPRESENTATION_ITEM() RATIONAL_B_SPLINE_CURVE((1.,
0.93061798229,1.)) REPRESENTATION_ITEM('') );
#1549 = CARTESIAN_POINT('',(4.319629897377,-7.518424856778E-16,
    1.930661594627));
#1550 = CARTESIAN_POINT('',(4.4,2.037378332058E-17,2.017037309501));
#1551 = CARTESIAN_POINT('',(4.4,-7.715274834628E-16,2.135020857149));
#1552 = ORIENTED_EDGE('',*,*,#1553,.T.);
#1553 = EDGE_CURVE('',#1546,#1546,#1554,.T.);
#1554 = ( BOUNDED_CURVE() B_SPLINE_CURVE(13,(#1555,#1556,#1557,#1558,
    #1559,#1560,#1561,#1562,#1563,#1564,#1565,#1566,#1567,#1568),
.UNSPECIFIED.,.T.,.F.) B_SPLINE_CURVE_WITH_KNOTS((1,13,13,1),(
    -19.79203371761,3.914259941243E-16,19.792033717616,39.584067435232),
.UNSPECIFIED.) CURVE() GEOMETRIC_REPRESENTATION_ITEM() 
RATIONAL_B_SPLINE_CURVE((1.,1.,1.000000000001,0.999999999998,
    1.000000000004,0.999999999994,1.000000000007,0.999999999994,
    1.000000000005,0.999999999997,1.000000000001,1.,1.,1.)) 
REPRESENTATION_ITEM('') );
#1555 = CARTESIAN_POINT('',(4.4,-7.715274834628E-16,2.135020857149));
#1556 = CARTESIAN_POINT('',(4.400000000001,-1.500440617323,
    2.135020857149));
#1557 = CARTESIAN_POINT('',(3.624522784296,-3.035482525996,
    2.135020857149));
#1558 = CARTESIAN_POINT('',(2.028699260134,-4.133102804312,
    2.135020857149));
#1559 = CARTESIAN_POINT('',(-0.167356467603,-4.301676360908,
    2.135020857149));
#1560 = CARTESIAN_POINT('',(-2.064487228411,-3.131786890305,
    2.135020857148));
#1561 = CARTESIAN_POINT('',(-3.455833357239,-1.424009627086,
    2.135020857149));
#1562 = CARTESIAN_POINT('',(-3.455833357248,1.424009627104,
    2.135020857148));
#1563 = CARTESIAN_POINT('',(-2.064487228418,3.131786890273,
    2.135020857149));
#1564 = CARTESIAN_POINT('',(-0.167356467587,4.301676360936,
    2.135020857148));
#1565 = CARTESIAN_POINT('',(2.028699260119,4.133102804299,2.135020857149
    ));
#1566 = CARTESIAN_POINT('',(3.624522784303,3.035482526,2.135020857149));
#1567 = CARTESIAN_POINT('',(4.399999999999,1.500440617323,2.135020857149
    ));
#1568 = CARTESIAN_POINT('',(4.4,-7.715274834628E-16,2.135020857149));
#1569 = ORIENTED_EDGE('',*,*,#1545,.F.);
#1570 = ORIENTED_EDGE('',*,*,#1516,.F.);
#1571 = ( BOUNDED_SURFACE() B_SPLINE_SURFACE(2,13,(
    (#1572,#1573,#1574,#1575,#1576,#1577,#1578,#1579,#1580,#1581,#1582
      ,#1583,#1584,#1585)
    ,(#1586,#1587,#1588,#1589,#1590,#1591,#1592,#1593,#1594,#1595,#1596
      ,#1597,#1598,#1599)
    ,(#1600,#1601,#1602,#1603,#1604,#1605,#1606,#1607,#1608,#1609,#1610
      ,#1611,#1612,#1613
)),.UNSPECIFIED.,.F.,.T.,.F.) B_SPLINE_SURFACE_WITH_KNOTS((3,3),(1,13,13
    ,1),(0.,19.792033717616),(-19.79203371761,3.914259941243E-16,
    19.792033717616,39.584067435232),.UNSPECIFIED.) 
GEOMETRIC_REPRESENTATION_ITEM() RATIONAL_B_SPLINE_SURFACE((
    (1.,1.,1.000000000001,0.999999999998,1.000000000004,0.999999999994
      ,1.000000000007,0.999999999994,1.000000000005,0.999999999997
      ,1.000000000001,1.,1.,1.)
    ,(0.93061798229,0.93061798229,0.93061798229,0.930617982288
      ,0.930617982292,0.930617982286,0.930617982294,0.930617982286
      ,0.930617982293,0.930617982288,0.930617982291,0.930617982289
      ,0.93061798229,0.93061798229)
    ,(1.,1.,1.000000000001,0.999999999998,1.000000000004,0.999999999994
      ,1.000000000007,0.999999999994,1.000000000005,0.999999999997
,1.000000000001,1.,1.,1.))) REPRESENTATION_ITEM('') SURFACE() );
#1572 = CARTESIAN_POINT('',(4.319629897377,-7.518424856778E-16,
    1.930661594627));
#1573 = CARTESIAN_POINT('',(4.319629897377,-1.462157897833,
    1.930661594627));
#1574 = CARTESIAN_POINT('',(3.563938454184,-2.958034258655,
    1.930661594627));
#1575 = CARTESIAN_POINT('',(2.008831279353,-4.027649503824,
    1.930661594627));
#1576 = CARTESIAN_POINT('',(-0.131193583546,-4.191922021043,
    1.930661594627));
#1577 = CARTESIAN_POINT('',(-1.979920346298,-3.051881482758,
    1.930661594627));
#1578 = CARTESIAN_POINT('',(-3.335767227115,-1.387676992209,
    1.930661594627));
#1579 = CARTESIAN_POINT('',(-3.335767227148,1.387676992226,
    1.930661594628));
#1580 = CARTESIAN_POINT('',(-1.979920346285,3.051881482728,
    1.930661594627));
#1581 = CARTESIAN_POINT('',(-0.131193583543,4.191922021069,
    1.930661594627));
#1582 = CARTESIAN_POINT('',(2.008831279344,4.027649503812,1.930661594627
    ));
#1583 = CARTESIAN_POINT('',(3.563938454189,2.958034258658,1.930661594627
    ));
#1584 = CARTESIAN_POINT('',(4.319629897376,1.462157897832,1.930661594627
    ));
#1585 = CARTESIAN_POINT('',(4.319629897377,-7.518424856778E-16,
    1.930661594627));
#1586 = CARTESIAN_POINT('',(4.4,2.037378332058E-17,2.017037309501));
#1587 = CARTESIAN_POINT('',(4.4,-1.500440617323,2.017037309501));
#1588 = CARTESIAN_POINT('',(3.624522784298,-3.035482525997,
    2.017037309501));
#1589 = CARTESIAN_POINT('',(2.028699260128,-4.13310280431,2.017037309501
    ));
#1590 = CARTESIAN_POINT('',(-0.167356467593,-4.301676360914,
    2.017037309501));
#1591 = CARTESIAN_POINT('',(-2.064487228423,-3.131786890298,
    2.017037309501));
#1592 = CARTESIAN_POINT('',(-3.455833357227,-1.42400962709,
    2.017037309501));
#1593 = CARTESIAN_POINT('',(-3.45583335726,1.424009627103,2.017037309501
    ));
#1594 = CARTESIAN_POINT('',(-2.064487228406,3.131786890275,
    2.017037309501));
#1595 = CARTESIAN_POINT('',(-0.167356467596,4.301676360934,
    2.017037309501));
#1596 = CARTESIAN_POINT('',(2.028699260125,4.1331028043,2.017037309501)
  );
#1597 = CARTESIAN_POINT('',(3.624522784301,3.035482526,2.017037309501));
#1598 = CARTESIAN_POINT('',(4.4,1.500440617323,2.017037309501));
#1599 = CARTESIAN_POINT('',(4.4,2.037378332058E-17,2.017037309501));
#1600 = CARTESIAN_POINT('',(4.4,-7.715274834628E-16,2.135020857149));
#1601 = CARTESIAN_POINT('',(4.400000000001,-1.500440617323,
    2.135020857149));
#1602 = CARTESIAN_POINT('',(3.624522784296,-3.035482525996,
    2.135020857149));
#1603 = CARTESIAN_POINT('',(2.028699260134,-4.133102804312,
    2.135020857149));
#1604 = CARTESIAN_POINT('',(-0.167356467603,-4.301676360908,
    2.135020857149));
#1605 = CARTESIAN_POINT('',(-2.064487228411,-3.131786890305,
    2.135020857148));
#1606 = CARTESIAN_POINT('',(-3.455833357239,-1.424009627086,
    2.135020857149));
#1607 = CARTESIAN_POINT('',(-3.455833357248,1.424009627104,
    2.135020857148));
#1608 = CARTESIAN_POINT('',(-2.064487228418,3.131786890273,
    2.135020857149));
#1609 = CARTESIAN_POINT('',(-0.167356467587,4.301676360936,
    2.135020857148));
#1610 = CARTESIAN_POINT('',(2.028699260119,4.133102804299,2.135020857149
    ));
#1611 = CARTESIAN_POINT('',(3.624522784303,3.035482526,2.135020857149));
#1612 = CARTESIAN_POINT('',(4.399999999999,1.500440617323,2.135020857149
    ));
#1613 = CARTESIAN_POINT('',(4.4,-7.715274834628E-16,2.135020857149));
#1614 = ADVANCED_FACE('',(#1615),#1634,.T.);
#1615 = FACE_BOUND('',#1616,.T.);
#1616 = EDGE_LOOP('',(#1617,#1626,#1632,#1633));
#1617 = ORIENTED_EDGE('',*,*,#1618,.T.);
#1618 = EDGE_CURVE('',#1619,#1619,#1621,.T.);
#1619 = VERTEX_POINT('',#1620);
#1620 = CARTESIAN_POINT('',(4.4,-7.715274834628E-16,4.8));
#1621 = CIRCLE('',#1622,3.15);
#1622 = AXIS2_PLACEMENT_3D('',#1623,#1624,#1625);
#1623 = CARTESIAN_POINT('',(1.25,0.,4.8));
#1624 = DIRECTION('',(0.,-0.,-1.));
#1625 = DIRECTION('',(1.,-2.449293598295E-16,0.));
#1626 = ORIENTED_EDGE('',*,*,#1627,.F.);
#1627 = EDGE_CURVE('',#1546,#1619,#1628,.T.);
#1628 = LINE('',#1629,#1630);
#1629 = CARTESIAN_POINT('',(4.4,-7.715274834628E-16,2.));
#1630 = VECTOR('',#1631,1.);
#1631 = DIRECTION('',(0.,0.,1.));
#1632 = ORIENTED_EDGE('',*,*,#1553,.F.);
#1633 = ORIENTED_EDGE('',*,*,#1627,.T.);
#1634 = CYLINDRICAL_SURFACE('',#1635,3.15);
#1635 = AXIS2_PLACEMENT_3D('',#1636,#1637,#1638);
#1636 = CARTESIAN_POINT('',(1.25,0.,2.));
#1637 = DIRECTION('',(0.,0.,1.));
#1638 = DIRECTION('',(1.,-2.449293598295E-16,0.));
#1639 = ADVANCED_FACE('',(#1640),#1660,.T.);
#1640 = FACE_BOUND('',#1641,.T.);
#1641 = EDGE_LOOP('',(#1642,#1651,#1658,#1659));
#1642 = ORIENTED_EDGE('',*,*,#1643,.T.);
#1643 = EDGE_CURVE('',#1619,#1644,#1646,.T.);
#1644 = VERTEX_POINT('',#1645);
#1645 = CARTESIAN_POINT('',(4.2,-7.225416114969E-16,5.));
#1646 = CIRCLE('',#1647,0.2);
#1647 = AXIS2_PLACEMENT_3D('',#1648,#1649,#1650);
#1648 = CARTESIAN_POINT('',(4.2,-7.225416114969E-16,4.8));
#1649 = DIRECTION('',(-2.449293598295E-16,-1.,0.));
#1650 = DIRECTION('',(1.,-2.449293598295E-16,-8.881784197001E-15));
#1651 = ORIENTED_EDGE('',*,*,#1652,.T.);
#1652 = EDGE_CURVE('',#1644,#1644,#1653,.T.);
#1653 = CIRCLE('',#1654,2.95);
#1654 = AXIS2_PLACEMENT_3D('',#1655,#1656,#1657);
#1655 = CARTESIAN_POINT('',(1.25,0.,5.));
#1656 = DIRECTION('',(0.,-0.,-1.));
#1657 = DIRECTION('',(1.,-2.449293598295E-16,0.));
#1658 = ORIENTED_EDGE('',*,*,#1643,.F.);
#1659 = ORIENTED_EDGE('',*,*,#1618,.F.);
#1660 = TOROIDAL_SURFACE('',#1661,2.95,0.2);
#1661 = AXIS2_PLACEMENT_3D('',#1662,#1663,#1664);
#1662 = CARTESIAN_POINT('',(1.25,0.,4.8));
#1663 = DIRECTION('',(0.,0.,1.));
#1664 = DIRECTION('',(1.,-2.449293598295E-16,0.));
#1665 = ADVANCED_FACE('',(#1666,#1669),#1680,.F.);
#1666 = FACE_BOUND('',#1667,.F.);
#1667 = EDGE_LOOP('',(#1668));
#1668 = ORIENTED_EDGE('',*,*,#1652,.T.);
#1669 = FACE_BOUND('',#1670,.F.);
#1670 = EDGE_LOOP('',(#1671));
#1671 = ORIENTED_EDGE('',*,*,#1672,.F.);
#1672 = EDGE_CURVE('',#1673,#1673,#1675,.T.);
#1673 = VERTEX_POINT('',#1674);
#1674 = CARTESIAN_POINT('',(3.455,-5.40069238424E-16,5.));
#1675 = CIRCLE('',#1676,2.205);
#1676 = AXIS2_PLACEMENT_3D('',#1677,#1678,#1679);
#1677 = CARTESIAN_POINT('',(1.25,0.,5.));
#1678 = DIRECTION('',(0.,-0.,-1.));
#1679 = DIRECTION('',(1.,-2.449293598295E-16,0.));
#1680 = PLANE('',#1681);
#1681 = AXIS2_PLACEMENT_3D('',#1682,#1683,#1684);
#1682 = CARTESIAN_POINT('',(1.25,0.,5.));
#1683 = DIRECTION('',(0.,0.,-1.));
#1684 = DIRECTION('',(1.,-2.449293598295E-16,0.));
#1685 = ADVANCED_FACE('',(#1686),#1850,.F.);
#1686 = FACE_BOUND('',#1687,.F.);
#1687 = EDGE_LOOP('',(#1688,#1696,#1697,#1698,#1707,#1715,#1724,#1732,
    #1741,#1749,#1758,#1766,#1775,#1784,#1792,#1801,#1809,#1818,#1826,
    #1835,#1843));
#1688 = ORIENTED_EDGE('',*,*,#1689,.F.);
#1689 = EDGE_CURVE('',#1673,#1690,#1692,.T.);
#1690 = VERTEX_POINT('',#1691);
#1691 = CARTESIAN_POINT('',(3.455,-4.090752798957E-14,4.8));
#1692 = LINE('',#1693,#1694);
#1693 = CARTESIAN_POINT('',(3.455,-5.40069238424E-16,5.));
#1694 = VECTOR('',#1695,1.);
#1695 = DIRECTION('',(0.,0.,-1.));
#1696 = ORIENTED_EDGE('',*,*,#1672,.T.);
#1697 = ORIENTED_EDGE('',*,*,#1689,.T.);
#1698 = ORIENTED_EDGE('',*,*,#1699,.F.);
#1699 = EDGE_CURVE('',#1700,#1690,#1702,.T.);
#1700 = VERTEX_POINT('',#1701);
#1701 = CARTESIAN_POINT('',(3.454433033685,5.E-02,4.8));
#1702 = CIRCLE('',#1703,2.205);
#1703 = AXIS2_PLACEMENT_3D('',#1704,#1705,#1706);
#1704 = CARTESIAN_POINT('',(1.25,0.,4.8));
#1705 = DIRECTION('',(0.,0.,-1.));
#1706 = DIRECTION('',(-1.,1.224646799147E-16,0.));
#1707 = ORIENTED_EDGE('',*,*,#1708,.F.);
#1708 = EDGE_CURVE('',#1709,#1700,#1711,.T.);
#1709 = VERTEX_POINT('',#1710);
#1710 = CARTESIAN_POINT('',(3.454433033685,5.000000000005E-02,4.9));
#1711 = LINE('',#1712,#1713);
#1712 = CARTESIAN_POINT('',(3.454433033685,5.E-02,4.7));
#1713 = VECTOR('',#1714,1.);
#1714 = DIRECTION('',(0.,0.,-1.));
#1715 = ORIENTED_EDGE('',*,*,#1716,.T.);
#1716 = EDGE_CURVE('',#1709,#1717,#1719,.T.);
#1717 = VERTEX_POINT('',#1718);
#1718 = CARTESIAN_POINT('',(1.3,2.204433033685,4.9));
#1719 = CIRCLE('',#1720,2.205);
#1720 = AXIS2_PLACEMENT_3D('',#1721,#1722,#1723);
#1721 = CARTESIAN_POINT('',(1.25,0.,4.9));
#1722 = DIRECTION('',(0.,0.,1.));
#1723 = DIRECTION('',(-1.,1.224646799147E-16,0.));
#1724 = ORIENTED_EDGE('',*,*,#1725,.T.);
#1725 = EDGE_CURVE('',#1717,#1726,#1728,.T.);
#1726 = VERTEX_POINT('',#1727);
#1727 = CARTESIAN_POINT('',(1.3,2.204433033685,4.8));
#1728 = LINE('',#1729,#1730);
#1729 = CARTESIAN_POINT('',(1.3,2.204433033685,4.7));
#1730 = VECTOR('',#1731,1.);
#1731 = DIRECTION('',(0.,0.,-1.));
#1732 = ORIENTED_EDGE('',*,*,#1733,.F.);
#1733 = EDGE_CURVE('',#1734,#1726,#1736,.T.);
#1734 = VERTEX_POINT('',#1735);
#1735 = CARTESIAN_POINT('',(1.2,2.204433033685,4.8));
#1736 = CIRCLE('',#1737,2.205);
#1737 = AXIS2_PLACEMENT_3D('',#1738,#1739,#1740);
#1738 = CARTESIAN_POINT('',(1.25,0.,4.8));
#1739 = DIRECTION('',(0.,0.,-1.));
#1740 = DIRECTION('',(-1.,1.224646799147E-16,0.));
#1741 = ORIENTED_EDGE('',*,*,#1742,.F.);
#1742 = EDGE_CURVE('',#1743,#1734,#1745,.T.);
#1743 = VERTEX_POINT('',#1744);
#1744 = CARTESIAN_POINT('',(1.2,2.204433033685,4.9));
#1745 = LINE('',#1746,#1747);
#1746 = CARTESIAN_POINT('',(1.2,2.204433033685,4.7));
#1747 = VECTOR('',#1748,1.);
#1748 = DIRECTION('',(0.,0.,-1.));
#1749 = ORIENTED_EDGE('',*,*,#1750,.T.);
#1750 = EDGE_CURVE('',#1743,#1751,#1753,.T.);
#1751 = VERTEX_POINT('',#1752);
#1752 = CARTESIAN_POINT('',(-0.954433033685,5.000000000003E-02,4.9));
#1753 = CIRCLE('',#1754,2.205);
#1754 = AXIS2_PLACEMENT_3D('',#1755,#1756,#1757);
#1755 = CARTESIAN_POINT('',(1.25,0.,4.9));
#1756 = DIRECTION('',(0.,0.,1.));
#1757 = DIRECTION('',(-1.,1.224646799147E-16,0.));
#1758 = ORIENTED_EDGE('',*,*,#1759,.T.);
#1759 = EDGE_CURVE('',#1751,#1760,#1762,.T.);
#1760 = VERTEX_POINT('',#1761);
#1761 = CARTESIAN_POINT('',(-0.954433033685,5.E-02,4.8));
#1762 = LINE('',#1763,#1764);
#1763 = CARTESIAN_POINT('',(-0.954433033685,5.E-02,4.7));
#1764 = VECTOR('',#1765,1.);
#1765 = DIRECTION('',(0.,0.,-1.));
#1766 = ORIENTED_EDGE('',*,*,#1767,.F.);
#1767 = EDGE_CURVE('',#1768,#1760,#1770,.T.);
#1768 = VERTEX_POINT('',#1769);
#1769 = CARTESIAN_POINT('',(-0.955,2.70034619212E-16,4.8));
#1770 = CIRCLE('',#1771,2.205);
#1771 = AXIS2_PLACEMENT_3D('',#1772,#1773,#1774);
#1772 = CARTESIAN_POINT('',(1.25,0.,4.8));
#1773 = DIRECTION('',(0.,0.,-1.));
#1774 = DIRECTION('',(-1.,1.224646799147E-16,0.));
#1775 = ORIENTED_EDGE('',*,*,#1776,.F.);
#1776 = EDGE_CURVE('',#1777,#1768,#1779,.T.);
#1777 = VERTEX_POINT('',#1778);
#1778 = CARTESIAN_POINT('',(-0.954433033685,-5.E-02,4.8));
#1779 = CIRCLE('',#1780,2.205);
#1780 = AXIS2_PLACEMENT_3D('',#1781,#1782,#1783);
#1781 = CARTESIAN_POINT('',(1.25,0.,4.8));
#1782 = DIRECTION('',(0.,0.,-1.));
#1783 = DIRECTION('',(-1.,1.224646799147E-16,0.));
#1784 = ORIENTED_EDGE('',*,*,#1785,.F.);
#1785 = EDGE_CURVE('',#1786,#1777,#1788,.T.);
#1786 = VERTEX_POINT('',#1787);
#1787 = CARTESIAN_POINT('',(-0.954433033685,-5.000000000003E-02,4.9));
#1788 = LINE('',#1789,#1790);
#1789 = CARTESIAN_POINT('',(-0.954433033685,-5.E-02,4.7));
#1790 = VECTOR('',#1791,1.);
#1791 = DIRECTION('',(0.,0.,-1.));
#1792 = ORIENTED_EDGE('',*,*,#1793,.T.);
#1793 = EDGE_CURVE('',#1786,#1794,#1796,.T.);
#1794 = VERTEX_POINT('',#1795);
#1795 = CARTESIAN_POINT('',(1.2,-2.204433033685,4.9));
#1796 = CIRCLE('',#1797,2.205);
#1797 = AXIS2_PLACEMENT_3D('',#1798,#1799,#1800);
#1798 = CARTESIAN_POINT('',(1.25,0.,4.9));
#1799 = DIRECTION('',(0.,0.,1.));
#1800 = DIRECTION('',(-1.,1.224646799147E-16,0.));
#1801 = ORIENTED_EDGE('',*,*,#1802,.T.);
#1802 = EDGE_CURVE('',#1794,#1803,#1805,.T.);
#1803 = VERTEX_POINT('',#1804);
#1804 = CARTESIAN_POINT('',(1.2,-2.204433033685,4.8));
#1805 = LINE('',#1806,#1807);
#1806 = CARTESIAN_POINT('',(1.2,-2.204433033685,4.7));
#1807 = VECTOR('',#1808,1.);
#1808 = DIRECTION('',(0.,0.,-1.));
#1809 = ORIENTED_EDGE('',*,*,#1810,.F.);
#1810 = EDGE_CURVE('',#1811,#1803,#1813,.T.);
#1811 = VERTEX_POINT('',#1812);
#1812 = CARTESIAN_POINT('',(1.3,-2.204433033685,4.8));
#1813 = CIRCLE('',#1814,2.205);
#1814 = AXIS2_PLACEMENT_3D('',#1815,#1816,#1817);
#1815 = CARTESIAN_POINT('',(1.25,0.,4.8));
#1816 = DIRECTION('',(0.,0.,-1.));
#1817 = DIRECTION('',(-1.,1.224646799147E-16,0.));
#1818 = ORIENTED_EDGE('',*,*,#1819,.F.);
#1819 = EDGE_CURVE('',#1820,#1811,#1822,.T.);
#1820 = VERTEX_POINT('',#1821);
#1821 = CARTESIAN_POINT('',(1.3,-2.204433033685,4.9));
#1822 = LINE('',#1823,#1824);
#1823 = CARTESIAN_POINT('',(1.3,-2.204433033685,4.7));
#1824 = VECTOR('',#1825,1.);
#1825 = DIRECTION('',(0.,0.,-1.));
#1826 = ORIENTED_EDGE('',*,*,#1827,.T.);
#1827 = EDGE_CURVE('',#1820,#1828,#1830,.T.);
#1828 = VERTEX_POINT('',#1829);
#1829 = CARTESIAN_POINT('',(3.454433033685,-5.000000000005E-02,4.9));
#1830 = CIRCLE('',#1831,2.205);
#1831 = AXIS2_PLACEMENT_3D('',#1832,#1833,#1834);
#1832 = CARTESIAN_POINT('',(1.25,0.,4.9));
#1833 = DIRECTION('',(0.,0.,1.));
#1834 = DIRECTION('',(-1.,1.224646799147E-16,0.));
#1835 = ORIENTED_EDGE('',*,*,#1836,.T.);
#1836 = EDGE_CURVE('',#1828,#1837,#1839,.T.);
#1837 = VERTEX_POINT('',#1838);
#1838 = CARTESIAN_POINT('',(3.454433033685,-5.E-02,4.8));
#1839 = LINE('',#1840,#1841);
#1840 = CARTESIAN_POINT('',(3.454433033685,-5.E-02,4.7));
#1841 = VECTOR('',#1842,1.);
#1842 = DIRECTION('',(0.,0.,-1.));
#1843 = ORIENTED_EDGE('',*,*,#1844,.F.);
#1844 = EDGE_CURVE('',#1690,#1837,#1845,.T.);
#1845 = CIRCLE('',#1846,2.205);
#1846 = AXIS2_PLACEMENT_3D('',#1847,#1848,#1849);
#1847 = CARTESIAN_POINT('',(1.25,0.,4.8));
#1848 = DIRECTION('',(0.,0.,-1.));
#1849 = DIRECTION('',(-1.,1.224646799147E-16,0.));
#1850 = CYLINDRICAL_SURFACE('',#1851,2.205);
#1851 = AXIS2_PLACEMENT_3D('',#1852,#1853,#1854);
#1852 = CARTESIAN_POINT('',(1.25,0.,5.));
#1853 = DIRECTION('',(0.,0.,-1.));
#1854 = DIRECTION('',(1.,-2.449293598295E-16,0.));
#1855 = ADVANCED_FACE('',(#1856),#1920,.T.);
#1856 = FACE_BOUND('',#1857,.T.);
#1857 = EDGE_LOOP('',(#1858,#1866,#1872,#1873,#1881,#1887,#1888,#1889,
    #1897,#1903,#1904,#1912,#1918,#1919));
#1858 = ORIENTED_EDGE('',*,*,#1859,.T.);
#1859 = EDGE_CURVE('',#1777,#1860,#1862,.T.);
#1860 = VERTEX_POINT('',#1861);
#1861 = CARTESIAN_POINT('',(1.2,-5.E-02,4.8));
#1862 = LINE('',#1863,#1864);
#1863 = CARTESIAN_POINT('',(-5.1,-5.E-02,4.8));
#1864 = VECTOR('',#1865,1.);
#1865 = DIRECTION('',(1.,-1.070449156838E-16,0.));
#1866 = ORIENTED_EDGE('',*,*,#1867,.T.);
#1867 = EDGE_CURVE('',#1860,#1803,#1868,.T.);
#1868 = LINE('',#1869,#1870);
#1869 = CARTESIAN_POINT('',(1.2,-5.E-02,4.8));
#1870 = VECTOR('',#1871,1.);
#1871 = DIRECTION('',(-1.224646799147E-16,-1.,0.));
#1872 = ORIENTED_EDGE('',*,*,#1810,.F.);
#1873 = ORIENTED_EDGE('',*,*,#1874,.T.);
#1874 = EDGE_CURVE('',#1811,#1875,#1877,.T.);
#1875 = VERTEX_POINT('',#1876);
#1876 = CARTESIAN_POINT('',(1.3,-5.E-02,4.8));
#1877 = LINE('',#1878,#1879);
#1878 = CARTESIAN_POINT('',(1.3,-6.35,4.8));
#1879 = VECTOR('',#1880,1.);
#1880 = DIRECTION('',(1.224646799147E-16,1.,0.));
#1881 = ORIENTED_EDGE('',*,*,#1882,.T.);
#1882 = EDGE_CURVE('',#1875,#1837,#1883,.T.);
#1883 = LINE('',#1884,#1885);
#1884 = CARTESIAN_POINT('',(1.3,-5.E-02,4.8));
#1885 = VECTOR('',#1886,1.);
#1886 = DIRECTION('',(1.,-1.224646799147E-16,0.));
#1887 = ORIENTED_EDGE('',*,*,#1844,.F.);
#1888 = ORIENTED_EDGE('',*,*,#1699,.F.);
#1889 = ORIENTED_EDGE('',*,*,#1890,.T.);
#1890 = EDGE_CURVE('',#1700,#1891,#1893,.T.);
#1891 = VERTEX_POINT('',#1892);
#1892 = CARTESIAN_POINT('',(1.3,5.E-02,4.8));
#1893 = LINE('',#1894,#1895);
#1894 = CARTESIAN_POINT('',(7.6,5.E-02,4.8));
#1895 = VECTOR('',#1896,1.);
#1896 = DIRECTION('',(-1.,1.224646799147E-16,0.));
#1897 = ORIENTED_EDGE('',*,*,#1898,.T.);
#1898 = EDGE_CURVE('',#1891,#1726,#1899,.T.);
#1899 = LINE('',#1900,#1901);
#1900 = CARTESIAN_POINT('',(1.3,5.E-02,4.8));
#1901 = VECTOR('',#1902,1.);
#1902 = DIRECTION('',(1.224646799147E-16,1.,0.));
#1903 = ORIENTED_EDGE('',*,*,#1733,.F.);
#1904 = ORIENTED_EDGE('',*,*,#1905,.T.);
#1905 = EDGE_CURVE('',#1734,#1906,#1908,.T.);
#1906 = VERTEX_POINT('',#1907);
#1907 = CARTESIAN_POINT('',(1.2,5.E-02,4.8));
#1908 = LINE('',#1909,#1910);
#1909 = CARTESIAN_POINT('',(1.2,6.35,4.8));
#1910 = VECTOR('',#1911,1.);
#1911 = DIRECTION('',(-1.224646799147E-16,-1.,0.));
#1912 = ORIENTED_EDGE('',*,*,#1913,.T.);
#1913 = EDGE_CURVE('',#1906,#1760,#1914,.T.);
#1914 = LINE('',#1915,#1916);
#1915 = CARTESIAN_POINT('',(1.2,5.E-02,4.8));
#1916 = VECTOR('',#1917,1.);
#1917 = DIRECTION('',(-1.,1.224646799147E-16,0.));
#1918 = ORIENTED_EDGE('',*,*,#1767,.F.);
#1919 = ORIENTED_EDGE('',*,*,#1776,.F.);
#1920 = PLANE('',#1921);
#1921 = AXIS2_PLACEMENT_3D('',#1922,#1923,#1924);
#1922 = CARTESIAN_POINT('',(1.25,-2.677211033791E-17,4.8));
#1923 = DIRECTION('',(1.122179901648E-31,-3.00852520549E-33,1.));
#1924 = DIRECTION('',(-1.,1.224646799147E-16,1.122179901648E-31));
#1925 = ADVANCED_FACE('',(#1926),#1944,.F.);
#1926 = FACE_BOUND('',#1927,.F.);
#1927 = EDGE_LOOP('',(#1928,#1936,#1942,#1943));
#1928 = ORIENTED_EDGE('',*,*,#1929,.F.);
#1929 = EDGE_CURVE('',#1930,#1828,#1932,.T.);
#1930 = VERTEX_POINT('',#1931);
#1931 = CARTESIAN_POINT('',(1.3,-5.E-02,4.9));
#1932 = LINE('',#1933,#1934);
#1933 = CARTESIAN_POINT('',(1.3,-5.E-02,4.9));
#1934 = VECTOR('',#1935,1.);
#1935 = DIRECTION('',(1.,-1.224646799147E-16,0.));
#1936 = ORIENTED_EDGE('',*,*,#1937,.T.);
#1937 = EDGE_CURVE('',#1930,#1875,#1938,.T.);
#1938 = LINE('',#1939,#1940);
#1939 = CARTESIAN_POINT('',(1.3,-5.E-02,4.9));
#1940 = VECTOR('',#1941,1.);
#1941 = DIRECTION('',(1.203998759507E-48,-1.2517178869E-32,-1.));
#1942 = ORIENTED_EDGE('',*,*,#1882,.T.);
#1943 = ORIENTED_EDGE('',*,*,#1836,.F.);
#1944 = PLANE('',#1945);
#1945 = AXIS2_PLACEMENT_3D('',#1946,#1947,#1948);
#1946 = CARTESIAN_POINT('',(1.3,-5.E-02,4.9));
#1947 = DIRECTION('',(-1.224646799147E-16,-1.,1.2517178869E-32));
#1948 = DIRECTION('',(1.,-1.224646799147E-16,0.));
#1949 = ADVANCED_FACE('',(#1950),#1960,.T.);
#1950 = FACE_BOUND('',#1951,.T.);
#1951 = EDGE_LOOP('',(#1952,#1958,#1959));
#1952 = ORIENTED_EDGE('',*,*,#1953,.F.);
#1953 = EDGE_CURVE('',#1820,#1930,#1954,.T.);
#1954 = LINE('',#1955,#1956);
#1955 = CARTESIAN_POINT('',(1.3,-6.35,4.9));
#1956 = VECTOR('',#1957,1.);
#1957 = DIRECTION('',(1.224646799147E-16,1.,0.));
#1958 = ORIENTED_EDGE('',*,*,#1827,.T.);
#1959 = ORIENTED_EDGE('',*,*,#1929,.F.);
#1960 = PLANE('',#1961);
#1961 = AXIS2_PLACEMENT_3D('',#1962,#1963,#1964);
#1962 = CARTESIAN_POINT('',(1.25,-1.425463059326E-16,4.9));
#1963 = DIRECTION('',(-1.203998759507E-48,1.2517178869E-32,1.));
#1964 = DIRECTION('',(-1.224646799147E-16,-1.,1.2517178869E-32));
#1965 = ADVANCED_FACE('',(#1966),#1972,.F.);
#1966 = FACE_BOUND('',#1967,.F.);
#1967 = EDGE_LOOP('',(#1968,#1969,#1970,#1971));
#1968 = ORIENTED_EDGE('',*,*,#1953,.F.);
#1969 = ORIENTED_EDGE('',*,*,#1819,.T.);
#1970 = ORIENTED_EDGE('',*,*,#1874,.T.);
#1971 = ORIENTED_EDGE('',*,*,#1937,.F.);
#1972 = PLANE('',#1973);
#1973 = AXIS2_PLACEMENT_3D('',#1974,#1975,#1976);
#1974 = CARTESIAN_POINT('',(1.3,-6.35,4.9));
#1975 = DIRECTION('',(1.,-1.224646799147E-16,2.736911063134E-48));
#1976 = DIRECTION('',(1.224646799147E-16,1.,0.));
#1977 = ADVANCED_FACE('',(#1978),#1996,.F.);
#1978 = FACE_BOUND('',#1979,.F.);
#1979 = EDGE_LOOP('',(#1980,#1988,#1994,#1995));
#1980 = ORIENTED_EDGE('',*,*,#1981,.F.);
#1981 = EDGE_CURVE('',#1982,#1794,#1984,.T.);
#1982 = VERTEX_POINT('',#1983);
#1983 = CARTESIAN_POINT('',(1.2,-5.E-02,4.9));
#1984 = LINE('',#1985,#1986);
#1985 = CARTESIAN_POINT('',(1.2,-5.E-02,4.9));
#1986 = VECTOR('',#1987,1.);
#1987 = DIRECTION('',(-1.224646799147E-16,-1.,0.));
#1988 = ORIENTED_EDGE('',*,*,#1989,.T.);
#1989 = EDGE_CURVE('',#1982,#1860,#1990,.T.);
#1990 = LINE('',#1991,#1992);
#1991 = CARTESIAN_POINT('',(1.2,-5.E-02,4.9));
#1992 = VECTOR('',#1993,1.);
#1993 = DIRECTION('',(1.203998759507E-48,-1.2517178869E-32,-1.));
#1994 = ORIENTED_EDGE('',*,*,#1867,.T.);
#1995 = ORIENTED_EDGE('',*,*,#1802,.F.);
#1996 = PLANE('',#1997);
#1997 = AXIS2_PLACEMENT_3D('',#1998,#1999,#2000);
#1998 = CARTESIAN_POINT('',(1.2,-5.E-02,4.9));
#1999 = DIRECTION('',(-1.,1.224646799147E-16,-2.736911063134E-48));
#2000 = DIRECTION('',(-1.224646799147E-16,-1.,0.));
#2001 = ADVANCED_FACE('',(#2002),#2012,.T.);
#2002 = FACE_BOUND('',#2003,.T.);
#2003 = EDGE_LOOP('',(#2004,#2010,#2011));
#2004 = ORIENTED_EDGE('',*,*,#2005,.F.);
#2005 = EDGE_CURVE('',#1786,#1982,#2006,.T.);
#2006 = LINE('',#2007,#2008);
#2007 = CARTESIAN_POINT('',(-5.1,-5.E-02,4.9));
#2008 = VECTOR('',#2009,1.);
#2009 = DIRECTION('',(1.,-1.070449156838E-16,0.));
#2010 = ORIENTED_EDGE('',*,*,#1793,.T.);
#2011 = ORIENTED_EDGE('',*,*,#1981,.F.);
#2012 = PLANE('',#2013);
#2013 = AXIS2_PLACEMENT_3D('',#2014,#2015,#2016);
#2014 = CARTESIAN_POINT('',(1.25,-1.425463059326E-16,4.9));
#2015 = DIRECTION('',(-1.203998759507E-48,1.2517178869E-32,1.));
#2016 = DIRECTION('',(-1.224646799147E-16,-1.,1.2517178869E-32));
#2017 = ADVANCED_FACE('',(#2018),#2024,.F.);
#2018 = FACE_BOUND('',#2019,.F.);
#2019 = EDGE_LOOP('',(#2020,#2021,#2022,#2023));
#2020 = ORIENTED_EDGE('',*,*,#2005,.F.);
#2021 = ORIENTED_EDGE('',*,*,#1785,.T.);
#2022 = ORIENTED_EDGE('',*,*,#1859,.T.);
#2023 = ORIENTED_EDGE('',*,*,#1989,.F.);
#2024 = PLANE('',#2025);
#2025 = AXIS2_PLACEMENT_3D('',#2026,#2027,#2028);
#2026 = CARTESIAN_POINT('',(-5.1,-5.E-02,4.9));
#2027 = DIRECTION('',(-1.070449156838E-16,-1.,1.2517178869E-32));
#2028 = DIRECTION('',(1.,-1.070449156838E-16,0.));
#2029 = ADVANCED_FACE('',(#2030),#2048,.F.);
#2030 = FACE_BOUND('',#2031,.F.);
#2031 = EDGE_LOOP('',(#2032,#2040,#2046,#2047));
#2032 = ORIENTED_EDGE('',*,*,#2033,.F.);
#2033 = EDGE_CURVE('',#2034,#1751,#2036,.T.);
#2034 = VERTEX_POINT('',#2035);
#2035 = CARTESIAN_POINT('',(1.2,5.E-02,4.9));
#2036 = LINE('',#2037,#2038);
#2037 = CARTESIAN_POINT('',(1.2,5.E-02,4.9));
#2038 = VECTOR('',#2039,1.);
#2039 = DIRECTION('',(-1.,1.224646799147E-16,0.));
#2040 = ORIENTED_EDGE('',*,*,#2041,.T.);
#2041 = EDGE_CURVE('',#2034,#1906,#2042,.T.);
#2042 = LINE('',#2043,#2044);
#2043 = CARTESIAN_POINT('',(1.2,5.E-02,4.9));
#2044 = VECTOR('',#2045,1.);
#2045 = DIRECTION('',(1.203998759507E-48,-1.2517178869E-32,-1.));
#2046 = ORIENTED_EDGE('',*,*,#1913,.T.);
#2047 = ORIENTED_EDGE('',*,*,#1759,.F.);
#2048 = PLANE('',#2049);
#2049 = AXIS2_PLACEMENT_3D('',#2050,#2051,#2052);
#2050 = CARTESIAN_POINT('',(1.2,5.E-02,4.9));
#2051 = DIRECTION('',(1.224646799147E-16,1.,-1.2517178869E-32));
#2052 = DIRECTION('',(-1.,1.224646799147E-16,0.));
#2053 = ADVANCED_FACE('',(#2054),#2064,.T.);
#2054 = FACE_BOUND('',#2055,.T.);
#2055 = EDGE_LOOP('',(#2056,#2057,#2058));
#2056 = ORIENTED_EDGE('',*,*,#1750,.T.);
#2057 = ORIENTED_EDGE('',*,*,#2033,.F.);
#2058 = ORIENTED_EDGE('',*,*,#2059,.F.);
#2059 = EDGE_CURVE('',#1743,#2034,#2060,.T.);
#2060 = LINE('',#2061,#2062);
#2061 = CARTESIAN_POINT('',(1.2,6.35,4.9));
#2062 = VECTOR('',#2063,1.);
#2063 = DIRECTION('',(-1.224646799147E-16,-1.,0.));
#2064 = PLANE('',#2065);
#2065 = AXIS2_PLACEMENT_3D('',#2066,#2067,#2068);
#2066 = CARTESIAN_POINT('',(1.25,-1.425463059326E-16,4.9));
#2067 = DIRECTION('',(-1.203998759507E-48,1.2517178869E-32,1.));
#2068 = DIRECTION('',(-1.224646799147E-16,-1.,1.2517178869E-32));
#2069 = ADVANCED_FACE('',(#2070),#2076,.F.);
#2070 = FACE_BOUND('',#2071,.F.);
#2071 = EDGE_LOOP('',(#2072,#2073,#2074,#2075));
#2072 = ORIENTED_EDGE('',*,*,#2059,.F.);
#2073 = ORIENTED_EDGE('',*,*,#1742,.T.);
#2074 = ORIENTED_EDGE('',*,*,#1905,.T.);
#2075 = ORIENTED_EDGE('',*,*,#2041,.F.);
#2076 = PLANE('',#2077);
#2077 = AXIS2_PLACEMENT_3D('',#2078,#2079,#2080);
#2078 = CARTESIAN_POINT('',(1.2,6.35,4.9));
#2079 = DIRECTION('',(-1.,1.224646799147E-16,-2.736911063134E-48));
#2080 = DIRECTION('',(-1.224646799147E-16,-1.,0.));
#2081 = ADVANCED_FACE('',(#2082),#2100,.F.);
#2082 = FACE_BOUND('',#2083,.F.);
#2083 = EDGE_LOOP('',(#2084,#2092,#2098,#2099));
#2084 = ORIENTED_EDGE('',*,*,#2085,.F.);
#2085 = EDGE_CURVE('',#2086,#1717,#2088,.T.);
#2086 = VERTEX_POINT('',#2087);
#2087 = CARTESIAN_POINT('',(1.3,5.E-02,4.9));
#2088 = LINE('',#2089,#2090);
#2089 = CARTESIAN_POINT('',(1.3,5.E-02,4.9));
#2090 = VECTOR('',#2091,1.);
#2091 = DIRECTION('',(1.224646799147E-16,1.,0.));
#2092 = ORIENTED_EDGE('',*,*,#2093,.T.);
#2093 = EDGE_CURVE('',#2086,#1891,#2094,.T.);
#2094 = LINE('',#2095,#2096);
#2095 = CARTESIAN_POINT('',(1.3,5.E-02,4.9));
#2096 = VECTOR('',#2097,1.);
#2097 = DIRECTION('',(1.203998759507E-48,-1.2517178869E-32,-1.));
#2098 = ORIENTED_EDGE('',*,*,#1898,.T.);
#2099 = ORIENTED_EDGE('',*,*,#1725,.F.);
#2100 = PLANE('',#2101);
#2101 = AXIS2_PLACEMENT_3D('',#2102,#2103,#2104);
#2102 = CARTESIAN_POINT('',(1.3,5.E-02,4.9));
#2103 = DIRECTION('',(1.,-1.224646799147E-16,2.736911063134E-48));
#2104 = DIRECTION('',(1.224646799147E-16,1.,0.));
#2105 = ADVANCED_FACE('',(#2106),#2116,.T.);
#2106 = FACE_BOUND('',#2107,.T.);
#2107 = EDGE_LOOP('',(#2108,#2109,#2110));
#2108 = ORIENTED_EDGE('',*,*,#1716,.T.);
#2109 = ORIENTED_EDGE('',*,*,#2085,.F.);
#2110 = ORIENTED_EDGE('',*,*,#2111,.F.);
#2111 = EDGE_CURVE('',#1709,#2086,#2112,.T.);
#2112 = LINE('',#2113,#2114);
#2113 = CARTESIAN_POINT('',(7.6,5.E-02,4.9));
#2114 = VECTOR('',#2115,1.);
#2115 = DIRECTION('',(-1.,1.224646799147E-16,0.));
#2116 = PLANE('',#2117);
#2117 = AXIS2_PLACEMENT_3D('',#2118,#2119,#2120);
#2118 = CARTESIAN_POINT('',(1.25,-1.425463059326E-16,4.9));
#2119 = DIRECTION('',(-1.203998759507E-48,1.2517178869E-32,1.));
#2120 = DIRECTION('',(-1.224646799147E-16,-1.,1.2517178869E-32));
#2121 = ADVANCED_FACE('',(#2122),#2128,.F.);
#2122 = FACE_BOUND('',#2123,.F.);
#2123 = EDGE_LOOP('',(#2124,#2125,#2126,#2127));
#2124 = ORIENTED_EDGE('',*,*,#2111,.F.);
#2125 = ORIENTED_EDGE('',*,*,#1708,.T.);
#2126 = ORIENTED_EDGE('',*,*,#1890,.T.);
#2127 = ORIENTED_EDGE('',*,*,#2093,.F.);
#2128 = PLANE('',#2129);
#2129 = AXIS2_PLACEMENT_3D('',#2130,#2131,#2132);
#2130 = CARTESIAN_POINT('',(7.6,5.E-02,4.9));
#2131 = DIRECTION('',(1.224646799147E-16,1.,-1.2517178869E-32));
#2132 = DIRECTION('',(-1.,1.224646799147E-16,0.));
#2133 = ORIENTED_CLOSED_SHELL('',*,#2134,.F.);
#2134 = CLOSED_SHELL('',(#2135,#2152,#2186));
#2135 = ADVANCED_FACE('',(#2136),#2147,.T.);
#2136 = FACE_BOUND('',#2137,.T.);
#2137 = EDGE_LOOP('',(#2138));
#2138 = ORIENTED_EDGE('',*,*,#2139,.T.);
#2139 = EDGE_CURVE('',#2140,#2140,#2142,.T.);
#2140 = VERTEX_POINT('',#2141);
#2141 = CARTESIAN_POINT('',(3.455,-5.40069238424E-16,4.6));
#2142 = CIRCLE('',#2143,2.205);
#2143 = AXIS2_PLACEMENT_3D('',#2144,#2145,#2146);
#2144 = CARTESIAN_POINT('',(1.25,0.,4.6));
#2145 = DIRECTION('',(0.,-0.,-1.));
#2146 = DIRECTION('',(1.,-2.449293598295E-16,0.));
#2147 = PLANE('',#2148);
#2148 = AXIS2_PLACEMENT_3D('',#2149,#2150,#2151);
#2149 = CARTESIAN_POINT('',(1.25,0.,4.6));
#2150 = DIRECTION('',(0.,0.,-1.));
#2151 = DIRECTION('',(1.,-2.449293598295E-16,0.));
#2152 = ADVANCED_FACE('',(#2153),#2181,.T.);
#2153 = FACE_BOUND('',#2154,.T.);
#2154 = EDGE_LOOP('',(#2155,#2166,#2172,#2173,#2174));
#2155 = ORIENTED_EDGE('',*,*,#2156,.F.);
#2156 = EDGE_CURVE('',#2157,#2159,#2161,.T.);
#2157 = VERTEX_POINT('',#2158);
#2158 = CARTESIAN_POINT('',(3.455,-4.068795425492E-14,4.7));
#2159 = VERTEX_POINT('',#2160);
#2160 = CARTESIAN_POINT('',(-0.955,2.70034619212E-16,4.7));
#2161 = CIRCLE('',#2162,2.205);
#2162 = AXIS2_PLACEMENT_3D('',#2163,#2164,#2165);
#2163 = CARTESIAN_POINT('',(1.25,0.,4.7));
#2164 = DIRECTION('',(0.,0.,1.));
#2165 = DIRECTION('',(-1.,1.224646799147E-16,0.));
#2166 = ORIENTED_EDGE('',*,*,#2167,.T.);
#2167 = EDGE_CURVE('',#2157,#2140,#2168,.T.);
#2168 = LINE('',#2169,#2170);
#2169 = CARTESIAN_POINT('',(3.455,-5.40069238424E-16,5.));
#2170 = VECTOR('',#2171,1.);
#2171 = DIRECTION('',(0.,0.,-1.));
#2172 = ORIENTED_EDGE('',*,*,#2139,.F.);
#2173 = ORIENTED_EDGE('',*,*,#2167,.F.);
#2174 = ORIENTED_EDGE('',*,*,#2175,.F.);
#2175 = EDGE_CURVE('',#2159,#2157,#2176,.T.);
#2176 = CIRCLE('',#2177,2.205);
#2177 = AXIS2_PLACEMENT_3D('',#2178,#2179,#2180);
#2178 = CARTESIAN_POINT('',(1.25,0.,4.7));
#2179 = DIRECTION('',(0.,0.,1.));
#2180 = DIRECTION('',(-1.,1.224646799147E-16,0.));
#2181 = CYLINDRICAL_SURFACE('',#2182,2.205);
#2182 = AXIS2_PLACEMENT_3D('',#2183,#2184,#2185);
#2183 = CARTESIAN_POINT('',(1.25,0.,5.));
#2184 = DIRECTION('',(0.,0.,-1.));
#2185 = DIRECTION('',(1.,-2.449293598295E-16,0.));
#2186 = ADVANCED_FACE('',(#2187),#2191,.T.);
#2187 = FACE_BOUND('',#2188,.T.);
#2188 = EDGE_LOOP('',(#2189,#2190));
#2189 = ORIENTED_EDGE('',*,*,#2175,.T.);
#2190 = ORIENTED_EDGE('',*,*,#2156,.T.);
#2191 = PLANE('',#2192);
#2192 = AXIS2_PLACEMENT_3D('',#2193,#2194,#2195);
#2193 = CARTESIAN_POINT('',(1.25,-1.425463059326E-16,4.7));
#2194 = DIRECTION('',(-1.203998759507E-48,1.2517178869E-32,1.));
#2195 = DIRECTION('',(-1.224646799147E-16,-1.,1.2517178869E-32));
#2196 = ( GEOMETRIC_REPRESENTATION_CONTEXT(3) 
GLOBAL_UNCERTAINTY_ASSIGNED_CONTEXT((#2200)) 
GLOBAL_UNIT_ASSIGNED_CONTEXT((#2197,#2198,#2199)) REPRESENTATION_CONTEXT
('Context #1','3D Context with UNIT and UNCERTAINTY') );
#2197 = ( LENGTH_UNIT() NAMED_UNIT(*) SI_UNIT(.MILLI.,.METRE.) );
#2198 = ( NAMED_UNIT(*) PLANE_ANGLE_UNIT() SI_UNIT($,.RADIAN.) );
#2199 = ( NAMED_UNIT(*) SI_UNIT($,.STERADIAN.) SOLID_ANGLE_UNIT() );
#2200 = UNCERTAINTY_MEASURE_WITH_UNIT(LENGTH_MEASURE(2.E-06),#2197,
  'distance_accuracy_value','confusion accuracy');
#2201 = CONTEXT_DEPENDENT_SHAPE_REPRESENTATION(#2202,#2204);
#2202 = ( REPRESENTATION_RELATIONSHIP('','',#1208,#10) 
REPRESENTATION_RELATIONSHIP_WITH_TRANSFORMATION(#2203) 
SHAPE_REPRESENTATION_RELATIONSHIP() );
#2203 = ITEM_DEFINED_TRANSFORMATION('','',#11,#23);
#2204 = PRODUCT_DEFINITION_SHAPE('Placement','Placement of an item',
  #2205);
#2205 = NEXT_ASSEMBLY_USAGE_OCCURRENCE('3','C1','',#5,#1203,$);
#2206 = PRODUCT_RELATED_PRODUCT_CATEGORY('part',$,(#1205));
#2207 = SHAPE_DEFINITION_REPRESENTATION(#2208,#2214);
#2208 = PRODUCT_DEFINITION_SHAPE('','',#2209);
#2209 = PRODUCT_DEFINITION('design','',#2210,#2213);
#2210 = PRODUCT_DEFINITION_FORMATION('','',#2211);
#2211 = PRODUCT('carte distribution_PCB','carte distribution_PCB','',(
    #2212));
#2212 = PRODUCT_CONTEXT('',#2,'mechanical');
#2213 = PRODUCT_DEFINITION_CONTEXT('part definition',#2,'design');
#2214 = ADVANCED_BREP_SHAPE_REPRESENTATION('',(#11,#2215),#3067);
#2215 = MANIFOLD_SOLID_BREP('',#2216);
#2216 = CLOSED_SHELL('',(#2217,#2257,#2288,#2319,#2534,#2749,#2761,#2778
    ,#2795,#2812,#2829,#2846,#2863,#2880,#2897,#2914,#2931,#2948,#2965,
    #2982,#2999,#3016,#3033,#3050));
#2217 = ADVANCED_FACE('',(#2218),#2252,.T.);
#2218 = FACE_BOUND('',#2219,.T.);
#2219 = EDGE_LOOP('',(#2220,#2230,#2238,#2246));
#2220 = ORIENTED_EDGE('',*,*,#2221,.T.);
#2221 = EDGE_CURVE('',#2222,#2224,#2226,.T.);
#2222 = VERTEX_POINT('',#2223);
#2223 = CARTESIAN_POINT('',(80.,-93.,0.));
#2224 = VERTEX_POINT('',#2225);
#2225 = CARTESIAN_POINT('',(80.,-93.,1.51));
#2226 = LINE('',#2227,#2228);
#2227 = CARTESIAN_POINT('',(80.,-93.,0.));
#2228 = VECTOR('',#2229,1.);
#2229 = DIRECTION('',(0.,0.,1.));
#2230 = ORIENTED_EDGE('',*,*,#2231,.T.);
#2231 = EDGE_CURVE('',#2224,#2232,#2234,.T.);
#2232 = VERTEX_POINT('',#2233);
#2233 = CARTESIAN_POINT('',(44.5,-93.,1.51));
#2234 = LINE('',#2235,#2236);
#2235 = CARTESIAN_POINT('',(80.,-93.,1.51));
#2236 = VECTOR('',#2237,1.);
#2237 = DIRECTION('',(-1.,0.,0.));
#2238 = ORIENTED_EDGE('',*,*,#2239,.F.);
#2239 = EDGE_CURVE('',#2240,#2232,#2242,.T.);
#2240 = VERTEX_POINT('',#2241);
#2241 = CARTESIAN_POINT('',(44.5,-93.,0.));
#2242 = LINE('',#2243,#2244);
#2243 = CARTESIAN_POINT('',(44.5,-93.,0.));
#2244 = VECTOR('',#2245,1.);
#2245 = DIRECTION('',(0.,0.,1.));
#2246 = ORIENTED_EDGE('',*,*,#2247,.F.);
#2247 = EDGE_CURVE('',#2222,#2240,#2248,.T.);
#2248 = LINE('',#2249,#2250);
#2249 = CARTESIAN_POINT('',(80.,-93.,0.));
#2250 = VECTOR('',#2251,1.);
#2251 = DIRECTION('',(-1.,0.,0.));
#2252 = PLANE('',#2253);
#2253 = AXIS2_PLACEMENT_3D('',#2254,#2255,#2256);
#2254 = CARTESIAN_POINT('',(80.,-93.,0.));
#2255 = DIRECTION('',(0.,-1.,0.));
#2256 = DIRECTION('',(-1.,0.,0.));
#2257 = ADVANCED_FACE('',(#2258),#2283,.T.);
#2258 = FACE_BOUND('',#2259,.T.);
#2259 = EDGE_LOOP('',(#2260,#2270,#2276,#2277));
#2260 = ORIENTED_EDGE('',*,*,#2261,.T.);
#2261 = EDGE_CURVE('',#2262,#2264,#2266,.T.);
#2262 = VERTEX_POINT('',#2263);
#2263 = CARTESIAN_POINT('',(80.,-53.5,0.));
#2264 = VERTEX_POINT('',#2265);
#2265 = CARTESIAN_POINT('',(80.,-53.5,1.51));
#2266 = LINE('',#2267,#2268);
#2267 = CARTESIAN_POINT('',(80.,-53.5,0.));
#2268 = VECTOR('',#2269,1.);
#2269 = DIRECTION('',(0.,0.,1.));
#2270 = ORIENTED_EDGE('',*,*,#2271,.T.);
#2271 = EDGE_CURVE('',#2264,#2224,#2272,.T.);
#2272 = LINE('',#2273,#2274);
#2273 = CARTESIAN_POINT('',(80.,-53.5,1.51));
#2274 = VECTOR('',#2275,1.);
#2275 = DIRECTION('',(0.,-1.,0.));
#2276 = ORIENTED_EDGE('',*,*,#2221,.F.);
#2277 = ORIENTED_EDGE('',*,*,#2278,.F.);
#2278 = EDGE_CURVE('',#2262,#2222,#2279,.T.);
#2279 = LINE('',#2280,#2281);
#2280 = CARTESIAN_POINT('',(80.,-53.5,0.));
#2281 = VECTOR('',#2282,1.);
#2282 = DIRECTION('',(0.,-1.,0.));
#2283 = PLANE('',#2284);
#2284 = AXIS2_PLACEMENT_3D('',#2285,#2286,#2287);
#2285 = CARTESIAN_POINT('',(80.,-53.5,0.));
#2286 = DIRECTION('',(1.,0.,-0.));
#2287 = DIRECTION('',(0.,-1.,0.));
#2288 = ADVANCED_FACE('',(#2289),#2314,.T.);
#2289 = FACE_BOUND('',#2290,.T.);
#2290 = EDGE_LOOP('',(#2291,#2292,#2300,#2308));
#2291 = ORIENTED_EDGE('',*,*,#2239,.T.);
#2292 = ORIENTED_EDGE('',*,*,#2293,.T.);
#2293 = EDGE_CURVE('',#2232,#2294,#2296,.T.);
#2294 = VERTEX_POINT('',#2295);
#2295 = CARTESIAN_POINT('',(44.5,-53.5,1.51));
#2296 = LINE('',#2297,#2298);
#2297 = CARTESIAN_POINT('',(44.5,-93.,1.51));
#2298 = VECTOR('',#2299,1.);
#2299 = DIRECTION('',(0.,1.,0.));
#2300 = ORIENTED_EDGE('',*,*,#2301,.F.);
#2301 = EDGE_CURVE('',#2302,#2294,#2304,.T.);
#2302 = VERTEX_POINT('',#2303);
#2303 = CARTESIAN_POINT('',(44.5,-53.5,0.));
#2304 = LINE('',#2305,#2306);
#2305 = CARTESIAN_POINT('',(44.5,-53.5,0.));
#2306 = VECTOR('',#2307,1.);
#2307 = DIRECTION('',(0.,0.,1.));
#2308 = ORIENTED_EDGE('',*,*,#2309,.F.);
#2309 = EDGE_CURVE('',#2240,#2302,#2310,.T.);
#2310 = LINE('',#2311,#2312);
#2311 = CARTESIAN_POINT('',(44.5,-93.,0.));
#2312 = VECTOR('',#2313,1.);
#2313 = DIRECTION('',(0.,1.,0.));
#2314 = PLANE('',#2315);
#2315 = AXIS2_PLACEMENT_3D('',#2316,#2317,#2318);
#2316 = CARTESIAN_POINT('',(44.5,-93.,0.));
#2317 = DIRECTION('',(-1.,0.,0.));
#2318 = DIRECTION('',(0.,1.,0.));
#2319 = ADVANCED_FACE('',(#2320,#2331,#2342,#2353,#2364,#2375,#2386,
    #2397,#2408,#2419,#2430,#2441,#2452,#2463,#2474,#2485,#2496,#2507,
    #2518),#2529,.F.);
#2320 = FACE_BOUND('',#2321,.F.);
#2321 = EDGE_LOOP('',(#2322,#2323,#2324,#2330));
#2322 = ORIENTED_EDGE('',*,*,#2247,.F.);
#2323 = ORIENTED_EDGE('',*,*,#2278,.F.);
#2324 = ORIENTED_EDGE('',*,*,#2325,.F.);
#2325 = EDGE_CURVE('',#2302,#2262,#2326,.T.);
#2326 = LINE('',#2327,#2328);
#2327 = CARTESIAN_POINT('',(44.5,-53.5,0.));
#2328 = VECTOR('',#2329,1.);
#2329 = DIRECTION('',(1.,0.,0.));
#2330 = ORIENTED_EDGE('',*,*,#2309,.F.);
#2331 = FACE_BOUND('',#2332,.F.);
#2332 = EDGE_LOOP('',(#2333));
#2333 = ORIENTED_EDGE('',*,*,#2334,.T.);
#2334 = EDGE_CURVE('',#2335,#2335,#2337,.T.);
#2335 = VERTEX_POINT('',#2336);
#2336 = CARTESIAN_POINT('',(47.25,-85.4,0.));
#2337 = CIRCLE('',#2338,0.4);
#2338 = AXIS2_PLACEMENT_3D('',#2339,#2340,#2341);
#2339 = CARTESIAN_POINT('',(47.25,-85.,0.));
#2340 = DIRECTION('',(-0.,0.,-1.));
#2341 = DIRECTION('',(-0.,-1.,0.));
#2342 = FACE_BOUND('',#2343,.F.);
#2343 = EDGE_LOOP('',(#2344));
#2344 = ORIENTED_EDGE('',*,*,#2345,.T.);
#2345 = EDGE_CURVE('',#2346,#2346,#2348,.T.);
#2346 = VERTEX_POINT('',#2347);
#2347 = CARTESIAN_POINT('',(49.75,-85.4,0.));
#2348 = CIRCLE('',#2349,0.4);
#2349 = AXIS2_PLACEMENT_3D('',#2350,#2351,#2352);
#2350 = CARTESIAN_POINT('',(49.75,-85.,0.));
#2351 = DIRECTION('',(-0.,0.,-1.));
#2352 = DIRECTION('',(-0.,-1.,0.));
#2353 = FACE_BOUND('',#2354,.F.);
#2354 = EDGE_LOOP('',(#2355));
#2355 = ORIENTED_EDGE('',*,*,#2356,.T.);
#2356 = EDGE_CURVE('',#2357,#2357,#2359,.T.);
#2357 = VERTEX_POINT('',#2358);
#2358 = CARTESIAN_POINT('',(60.,-89.15,0.));
#2359 = CIRCLE('',#2360,0.65);
#2360 = AXIS2_PLACEMENT_3D('',#2361,#2362,#2363);
#2361 = CARTESIAN_POINT('',(60.,-88.5,0.));
#2362 = DIRECTION('',(-0.,0.,-1.));
#2363 = DIRECTION('',(-0.,-1.,0.));
#2364 = FACE_BOUND('',#2365,.F.);
#2365 = EDGE_LOOP('',(#2366));
#2366 = ORIENTED_EDGE('',*,*,#2367,.T.);
#2367 = EDGE_CURVE('',#2368,#2368,#2370,.T.);
#2368 = VERTEX_POINT('',#2369);
#2369 = CARTESIAN_POINT('',(48.5325,-77.15,0.));
#2370 = CIRCLE('',#2371,0.65);
#2371 = AXIS2_PLACEMENT_3D('',#2372,#2373,#2374);
#2372 = CARTESIAN_POINT('',(48.5325,-76.5,0.));
#2373 = DIRECTION('',(-0.,0.,-1.));
#2374 = DIRECTION('',(-0.,-1.,0.));
#2375 = FACE_BOUND('',#2376,.F.);
#2376 = EDGE_LOOP('',(#2377));
#2377 = ORIENTED_EDGE('',*,*,#2378,.T.);
#2378 = EDGE_CURVE('',#2379,#2379,#2381,.T.);
#2379 = VERTEX_POINT('',#2380);
#2380 = CARTESIAN_POINT('',(65.,-89.15,0.));
#2381 = CIRCLE('',#2382,0.65);
#2382 = AXIS2_PLACEMENT_3D('',#2383,#2384,#2385);
#2383 = CARTESIAN_POINT('',(65.,-88.5,0.));
#2384 = DIRECTION('',(-0.,0.,-1.));
#2385 = DIRECTION('',(-0.,-1.,0.));
#2386 = FACE_BOUND('',#2387,.F.);
#2387 = EDGE_LOOP('',(#2388));
#2388 = ORIENTED_EDGE('',*,*,#2389,.T.);
#2389 = EDGE_CURVE('',#2390,#2390,#2392,.T.);
#2390 = VERTEX_POINT('',#2391);
#2391 = CARTESIAN_POINT('',(75.4675,-89.9,0.));
#2392 = CIRCLE('',#2393,0.65);
#2393 = AXIS2_PLACEMENT_3D('',#2394,#2395,#2396);
#2394 = CARTESIAN_POINT('',(75.4675,-89.25,0.));
#2395 = DIRECTION('',(-0.,0.,-1.));
#2396 = DIRECTION('',(-0.,-1.,0.));
#2397 = FACE_BOUND('',#2398,.F.);
#2398 = EDGE_LOOP('',(#2399));
#2399 = ORIENTED_EDGE('',*,*,#2400,.T.);
#2400 = EDGE_CURVE('',#2401,#2401,#2403,.T.);
#2401 = VERTEX_POINT('',#2402);
#2402 = CARTESIAN_POINT('',(75.4675,-84.9,0.));
#2403 = CIRCLE('',#2404,0.65);
#2404 = AXIS2_PLACEMENT_3D('',#2405,#2406,#2407);
#2405 = CARTESIAN_POINT('',(75.4675,-84.25,0.));
#2406 = DIRECTION('',(-0.,0.,-1.));
#2407 = DIRECTION('',(-0.,-1.,0.));
#2408 = FACE_BOUND('',#2409,.F.);
#2409 = EDGE_LOOP('',(#2410));
#2410 = ORIENTED_EDGE('',*,*,#2411,.T.);
#2411 = EDGE_CURVE('',#2412,#2412,#2414,.T.);
#2412 = VERTEX_POINT('',#2413);
#2413 = CARTESIAN_POINT('',(75.5,-76.15,0.));
#2414 = CIRCLE('',#2415,0.65);
#2415 = AXIS2_PLACEMENT_3D('',#2416,#2417,#2418);
#2416 = CARTESIAN_POINT('',(75.5,-75.5,0.));
#2417 = DIRECTION('',(-0.,0.,-1.));
#2418 = DIRECTION('',(-0.,-1.,0.));
#2419 = FACE_BOUND('',#2420,.F.);
#2420 = EDGE_LOOP('',(#2421));
#2421 = ORIENTED_EDGE('',*,*,#2422,.T.);
#2422 = EDGE_CURVE('',#2423,#2423,#2425,.T.);
#2423 = VERTEX_POINT('',#2424);
#2424 = CARTESIAN_POINT('',(48.5325,-72.15,0.));
#2425 = CIRCLE('',#2426,0.65);
#2426 = AXIS2_PLACEMENT_3D('',#2427,#2428,#2429);
#2427 = CARTESIAN_POINT('',(48.5325,-71.5,0.));
#2428 = DIRECTION('',(-0.,0.,-1.));
#2429 = DIRECTION('',(-0.,-1.,0.));
#2430 = FACE_BOUND('',#2431,.F.);
#2431 = EDGE_LOOP('',(#2432));
#2432 = ORIENTED_EDGE('',*,*,#2433,.T.);
#2433 = EDGE_CURVE('',#2434,#2434,#2436,.T.);
#2434 = VERTEX_POINT('',#2435);
#2435 = CARTESIAN_POINT('',(46.19,-65.4,0.));
#2436 = CIRCLE('',#2437,0.4);
#2437 = AXIS2_PLACEMENT_3D('',#2438,#2439,#2440);
#2438 = CARTESIAN_POINT('',(46.19,-65.,0.));
#2439 = DIRECTION('',(-0.,0.,-1.));
#2440 = DIRECTION('',(-0.,-1.,0.));
#2441 = FACE_BOUND('',#2442,.F.);
#2442 = EDGE_LOOP('',(#2443));
#2443 = ORIENTED_EDGE('',*,*,#2444,.T.);
#2444 = EDGE_CURVE('',#2445,#2445,#2447,.T.);
#2445 = VERTEX_POINT('',#2446);
#2446 = CARTESIAN_POINT('',(53.81,-65.4,0.));
#2447 = CIRCLE('',#2448,0.4);
#2448 = AXIS2_PLACEMENT_3D('',#2449,#2450,#2451);
#2449 = CARTESIAN_POINT('',(53.81,-65.,0.));
#2450 = DIRECTION('',(-0.,0.,-1.));
#2451 = DIRECTION('',(-0.,-1.,0.));
#2452 = FACE_BOUND('',#2453,.F.);
#2453 = EDGE_LOOP('',(#2454));
#2454 = ORIENTED_EDGE('',*,*,#2455,.T.);
#2455 = EDGE_CURVE('',#2456,#2456,#2458,.T.);
#2456 = VERTEX_POINT('',#2457);
#2457 = CARTESIAN_POINT('',(47.73,-58.95,0.));
#2458 = CIRCLE('',#2459,0.45);
#2459 = AXIS2_PLACEMENT_3D('',#2460,#2461,#2462);
#2460 = CARTESIAN_POINT('',(47.73,-58.5,0.));
#2461 = DIRECTION('',(-0.,0.,-1.));
#2462 = DIRECTION('',(-1.578983857245E-14,-1.,0.));
#2463 = FACE_BOUND('',#2464,.F.);
#2464 = EDGE_LOOP('',(#2465));
#2465 = ORIENTED_EDGE('',*,*,#2466,.T.);
#2466 = EDGE_CURVE('',#2467,#2467,#2469,.T.);
#2467 = VERTEX_POINT('',#2468);
#2468 = CARTESIAN_POINT('',(50.27,-58.95,0.));
#2469 = CIRCLE('',#2470,0.45);
#2470 = AXIS2_PLACEMENT_3D('',#2471,#2472,#2473);
#2471 = CARTESIAN_POINT('',(50.27,-58.5,0.));
#2472 = DIRECTION('',(-0.,0.,-1.));
#2473 = DIRECTION('',(1.578983857245E-14,-1.,-0.));
#2474 = FACE_BOUND('',#2475,.F.);
#2475 = EDGE_LOOP('',(#2476));
#2476 = ORIENTED_EDGE('',*,*,#2477,.T.);
#2477 = EDGE_CURVE('',#2478,#2478,#2480,.T.);
#2478 = VERTEX_POINT('',#2479);
#2479 = CARTESIAN_POINT('',(59.5,-58.65,0.));
#2480 = CIRCLE('',#2481,0.65);
#2481 = AXIS2_PLACEMENT_3D('',#2482,#2483,#2484);
#2482 = CARTESIAN_POINT('',(59.5,-58.,0.));
#2483 = DIRECTION('',(-0.,0.,-1.));
#2484 = DIRECTION('',(-0.,-1.,0.));
#2485 = FACE_BOUND('',#2486,.F.);
#2486 = EDGE_LOOP('',(#2487));
#2487 = ORIENTED_EDGE('',*,*,#2488,.T.);
#2488 = EDGE_CURVE('',#2489,#2489,#2491,.T.);
#2489 = VERTEX_POINT('',#2490);
#2490 = CARTESIAN_POINT('',(75.5,-71.15,0.));
#2491 = CIRCLE('',#2492,0.65);
#2492 = AXIS2_PLACEMENT_3D('',#2493,#2494,#2495);
#2493 = CARTESIAN_POINT('',(75.5,-70.5,0.));
#2494 = DIRECTION('',(-0.,0.,-1.));
#2495 = DIRECTION('',(-0.,-1.,0.));
#2496 = FACE_BOUND('',#2497,.F.);
#2497 = EDGE_LOOP('',(#2498));
#2498 = ORIENTED_EDGE('',*,*,#2499,.T.);
#2499 = EDGE_CURVE('',#2500,#2500,#2502,.T.);
#2500 = VERTEX_POINT('',#2501);
#2501 = CARTESIAN_POINT('',(64.5,-58.65,0.));
#2502 = CIRCLE('',#2503,0.65);
#2503 = AXIS2_PLACEMENT_3D('',#2504,#2505,#2506);
#2504 = CARTESIAN_POINT('',(64.5,-58.,0.));
#2505 = DIRECTION('',(-0.,0.,-1.));
#2506 = DIRECTION('',(-0.,-1.,0.));
#2507 = FACE_BOUND('',#2508,.F.);
#2508 = EDGE_LOOP('',(#2509));
#2509 = ORIENTED_EDGE('',*,*,#2510,.T.);
#2510 = EDGE_CURVE('',#2511,#2511,#2513,.T.);
#2511 = VERTEX_POINT('',#2512);
#2512 = CARTESIAN_POINT('',(75.4675,-62.9,0.));
#2513 = CIRCLE('',#2514,0.65);
#2514 = AXIS2_PLACEMENT_3D('',#2515,#2516,#2517);
#2515 = CARTESIAN_POINT('',(75.4675,-62.25,0.));
#2516 = DIRECTION('',(-0.,0.,-1.));
#2517 = DIRECTION('',(-0.,-1.,0.));
#2518 = FACE_BOUND('',#2519,.F.);
#2519 = EDGE_LOOP('',(#2520));
#2520 = ORIENTED_EDGE('',*,*,#2521,.T.);
#2521 = EDGE_CURVE('',#2522,#2522,#2524,.T.);
#2522 = VERTEX_POINT('',#2523);
#2523 = CARTESIAN_POINT('',(75.4675,-57.9,0.));
#2524 = CIRCLE('',#2525,0.65);
#2525 = AXIS2_PLACEMENT_3D('',#2526,#2527,#2528);
#2526 = CARTESIAN_POINT('',(75.4675,-57.25,0.));
#2527 = DIRECTION('',(-0.,0.,-1.));
#2528 = DIRECTION('',(-0.,-1.,0.));
#2529 = PLANE('',#2530);
#2530 = AXIS2_PLACEMENT_3D('',#2531,#2532,#2533);
#2531 = CARTESIAN_POINT('',(0.,0.,0.));
#2532 = DIRECTION('',(0.,0.,1.));
#2533 = DIRECTION('',(1.,0.,-0.));
#2534 = ADVANCED_FACE('',(#2535,#2546,#2557,#2568,#2579,#2590,#2601,
    #2612,#2623,#2634,#2645,#2656,#2667,#2678,#2689,#2700,#2711,#2722,
    #2733),#2744,.T.);
#2535 = FACE_BOUND('',#2536,.T.);
#2536 = EDGE_LOOP('',(#2537,#2538,#2539,#2545));
#2537 = ORIENTED_EDGE('',*,*,#2231,.F.);
#2538 = ORIENTED_EDGE('',*,*,#2271,.F.);
#2539 = ORIENTED_EDGE('',*,*,#2540,.F.);
#2540 = EDGE_CURVE('',#2294,#2264,#2541,.T.);
#2541 = LINE('',#2542,#2543);
#2542 = CARTESIAN_POINT('',(44.5,-53.5,1.51));
#2543 = VECTOR('',#2544,1.);
#2544 = DIRECTION('',(1.,0.,0.));
#2545 = ORIENTED_EDGE('',*,*,#2293,.F.);
#2546 = FACE_BOUND('',#2547,.T.);
#2547 = EDGE_LOOP('',(#2548));
#2548 = ORIENTED_EDGE('',*,*,#2549,.T.);
#2549 = EDGE_CURVE('',#2550,#2550,#2552,.T.);
#2550 = VERTEX_POINT('',#2551);
#2551 = CARTESIAN_POINT('',(47.25,-85.4,1.51));
#2552 = CIRCLE('',#2553,0.4);
#2553 = AXIS2_PLACEMENT_3D('',#2554,#2555,#2556);
#2554 = CARTESIAN_POINT('',(47.25,-85.,1.51));
#2555 = DIRECTION('',(-0.,0.,-1.));
#2556 = DIRECTION('',(-0.,-1.,0.));
#2557 = FACE_BOUND('',#2558,.T.);
#2558 = EDGE_LOOP('',(#2559));
#2559 = ORIENTED_EDGE('',*,*,#2560,.T.);
#2560 = EDGE_CURVE('',#2561,#2561,#2563,.T.);
#2561 = VERTEX_POINT('',#2562);
#2562 = CARTESIAN_POINT('',(49.75,-85.4,1.51));
#2563 = CIRCLE('',#2564,0.4);
#2564 = AXIS2_PLACEMENT_3D('',#2565,#2566,#2567);
#2565 = CARTESIAN_POINT('',(49.75,-85.,1.51));
#2566 = DIRECTION('',(-0.,0.,-1.));
#2567 = DIRECTION('',(-0.,-1.,0.));
#2568 = FACE_BOUND('',#2569,.T.);
#2569 = EDGE_LOOP('',(#2570));
#2570 = ORIENTED_EDGE('',*,*,#2571,.T.);
#2571 = EDGE_CURVE('',#2572,#2572,#2574,.T.);
#2572 = VERTEX_POINT('',#2573);
#2573 = CARTESIAN_POINT('',(60.,-89.15,1.51));
#2574 = CIRCLE('',#2575,0.65);
#2575 = AXIS2_PLACEMENT_3D('',#2576,#2577,#2578);
#2576 = CARTESIAN_POINT('',(60.,-88.5,1.51));
#2577 = DIRECTION('',(-0.,0.,-1.));
#2578 = DIRECTION('',(-0.,-1.,0.));
#2579 = FACE_BOUND('',#2580,.T.);
#2580 = EDGE_LOOP('',(#2581));
#2581 = ORIENTED_EDGE('',*,*,#2582,.T.);
#2582 = EDGE_CURVE('',#2583,#2583,#2585,.T.);
#2583 = VERTEX_POINT('',#2584);
#2584 = CARTESIAN_POINT('',(48.5325,-77.15,1.51));
#2585 = CIRCLE('',#2586,0.65);
#2586 = AXIS2_PLACEMENT_3D('',#2587,#2588,#2589);
#2587 = CARTESIAN_POINT('',(48.5325,-76.5,1.51));
#2588 = DIRECTION('',(-0.,0.,-1.));
#2589 = DIRECTION('',(-0.,-1.,0.));
#2590 = FACE_BOUND('',#2591,.T.);
#2591 = EDGE_LOOP('',(#2592));
#2592 = ORIENTED_EDGE('',*,*,#2593,.T.);
#2593 = EDGE_CURVE('',#2594,#2594,#2596,.T.);
#2594 = VERTEX_POINT('',#2595);
#2595 = CARTESIAN_POINT('',(65.,-89.15,1.51));
#2596 = CIRCLE('',#2597,0.65);
#2597 = AXIS2_PLACEMENT_3D('',#2598,#2599,#2600);
#2598 = CARTESIAN_POINT('',(65.,-88.5,1.51));
#2599 = DIRECTION('',(-0.,0.,-1.));
#2600 = DIRECTION('',(-0.,-1.,0.));
#2601 = FACE_BOUND('',#2602,.T.);
#2602 = EDGE_LOOP('',(#2603));
#2603 = ORIENTED_EDGE('',*,*,#2604,.T.);
#2604 = EDGE_CURVE('',#2605,#2605,#2607,.T.);
#2605 = VERTEX_POINT('',#2606);
#2606 = CARTESIAN_POINT('',(75.4675,-89.9,1.51));
#2607 = CIRCLE('',#2608,0.65);
#2608 = AXIS2_PLACEMENT_3D('',#2609,#2610,#2611);
#2609 = CARTESIAN_POINT('',(75.4675,-89.25,1.51));
#2610 = DIRECTION('',(-0.,0.,-1.));
#2611 = DIRECTION('',(-0.,-1.,0.));
#2612 = FACE_BOUND('',#2613,.T.);
#2613 = EDGE_LOOP('',(#2614));
#2614 = ORIENTED_EDGE('',*,*,#2615,.T.);
#2615 = EDGE_CURVE('',#2616,#2616,#2618,.T.);
#2616 = VERTEX_POINT('',#2617);
#2617 = CARTESIAN_POINT('',(75.4675,-84.9,1.51));
#2618 = CIRCLE('',#2619,0.65);
#2619 = AXIS2_PLACEMENT_3D('',#2620,#2621,#2622);
#2620 = CARTESIAN_POINT('',(75.4675,-84.25,1.51));
#2621 = DIRECTION('',(-0.,0.,-1.));
#2622 = DIRECTION('',(-0.,-1.,0.));
#2623 = FACE_BOUND('',#2624,.T.);
#2624 = EDGE_LOOP('',(#2625));
#2625 = ORIENTED_EDGE('',*,*,#2626,.T.);
#2626 = EDGE_CURVE('',#2627,#2627,#2629,.T.);
#2627 = VERTEX_POINT('',#2628);
#2628 = CARTESIAN_POINT('',(75.5,-76.15,1.51));
#2629 = CIRCLE('',#2630,0.65);
#2630 = AXIS2_PLACEMENT_3D('',#2631,#2632,#2633);
#2631 = CARTESIAN_POINT('',(75.5,-75.5,1.51));
#2632 = DIRECTION('',(-0.,0.,-1.));
#2633 = DIRECTION('',(-0.,-1.,0.));
#2634 = FACE_BOUND('',#2635,.T.);
#2635 = EDGE_LOOP('',(#2636));
#2636 = ORIENTED_EDGE('',*,*,#2637,.T.);
#2637 = EDGE_CURVE('',#2638,#2638,#2640,.T.);
#2638 = VERTEX_POINT('',#2639);
#2639 = CARTESIAN_POINT('',(48.5325,-72.15,1.51));
#2640 = CIRCLE('',#2641,0.65);
#2641 = AXIS2_PLACEMENT_3D('',#2642,#2643,#2644);
#2642 = CARTESIAN_POINT('',(48.5325,-71.5,1.51));
#2643 = DIRECTION('',(-0.,0.,-1.));
#2644 = DIRECTION('',(-0.,-1.,0.));
#2645 = FACE_BOUND('',#2646,.T.);
#2646 = EDGE_LOOP('',(#2647));
#2647 = ORIENTED_EDGE('',*,*,#2648,.T.);
#2648 = EDGE_CURVE('',#2649,#2649,#2651,.T.);
#2649 = VERTEX_POINT('',#2650);
#2650 = CARTESIAN_POINT('',(46.19,-65.4,1.51));
#2651 = CIRCLE('',#2652,0.4);
#2652 = AXIS2_PLACEMENT_3D('',#2653,#2654,#2655);
#2653 = CARTESIAN_POINT('',(46.19,-65.,1.51));
#2654 = DIRECTION('',(-0.,0.,-1.));
#2655 = DIRECTION('',(-0.,-1.,0.));
#2656 = FACE_BOUND('',#2657,.T.);
#2657 = EDGE_LOOP('',(#2658));
#2658 = ORIENTED_EDGE('',*,*,#2659,.T.);
#2659 = EDGE_CURVE('',#2660,#2660,#2662,.T.);
#2660 = VERTEX_POINT('',#2661);
#2661 = CARTESIAN_POINT('',(53.81,-65.4,1.51));
#2662 = CIRCLE('',#2663,0.4);
#2663 = AXIS2_PLACEMENT_3D('',#2664,#2665,#2666);
#2664 = CARTESIAN_POINT('',(53.81,-65.,1.51));
#2665 = DIRECTION('',(-0.,0.,-1.));
#2666 = DIRECTION('',(-0.,-1.,0.));
#2667 = FACE_BOUND('',#2668,.T.);
#2668 = EDGE_LOOP('',(#2669));
#2669 = ORIENTED_EDGE('',*,*,#2670,.T.);
#2670 = EDGE_CURVE('',#2671,#2671,#2673,.T.);
#2671 = VERTEX_POINT('',#2672);
#2672 = CARTESIAN_POINT('',(47.73,-58.95,1.51));
#2673 = CIRCLE('',#2674,0.45);
#2674 = AXIS2_PLACEMENT_3D('',#2675,#2676,#2677);
#2675 = CARTESIAN_POINT('',(47.73,-58.5,1.51));
#2676 = DIRECTION('',(-0.,0.,-1.));
#2677 = DIRECTION('',(-1.578983857245E-14,-1.,0.));
#2678 = FACE_BOUND('',#2679,.T.);
#2679 = EDGE_LOOP('',(#2680));
#2680 = ORIENTED_EDGE('',*,*,#2681,.T.);
#2681 = EDGE_CURVE('',#2682,#2682,#2684,.T.);
#2682 = VERTEX_POINT('',#2683);
#2683 = CARTESIAN_POINT('',(50.27,-58.95,1.51));
#2684 = CIRCLE('',#2685,0.45);
#2685 = AXIS2_PLACEMENT_3D('',#2686,#2687,#2688);
#2686 = CARTESIAN_POINT('',(50.27,-58.5,1.51));
#2687 = DIRECTION('',(-0.,0.,-1.));
#2688 = DIRECTION('',(1.578983857245E-14,-1.,-0.));
#2689 = FACE_BOUND('',#2690,.T.);
#2690 = EDGE_LOOP('',(#2691));
#2691 = ORIENTED_EDGE('',*,*,#2692,.T.);
#2692 = EDGE_CURVE('',#2693,#2693,#2695,.T.);
#2693 = VERTEX_POINT('',#2694);
#2694 = CARTESIAN_POINT('',(59.5,-58.65,1.51));
#2695 = CIRCLE('',#2696,0.65);
#2696 = AXIS2_PLACEMENT_3D('',#2697,#2698,#2699);
#2697 = CARTESIAN_POINT('',(59.5,-58.,1.51));
#2698 = DIRECTION('',(-0.,0.,-1.));
#2699 = DIRECTION('',(-0.,-1.,0.));
#2700 = FACE_BOUND('',#2701,.T.);
#2701 = EDGE_LOOP('',(#2702));
#2702 = ORIENTED_EDGE('',*,*,#2703,.T.);
#2703 = EDGE_CURVE('',#2704,#2704,#2706,.T.);
#2704 = VERTEX_POINT('',#2705);
#2705 = CARTESIAN_POINT('',(75.5,-71.15,1.51));
#2706 = CIRCLE('',#2707,0.65);
#2707 = AXIS2_PLACEMENT_3D('',#2708,#2709,#2710);
#2708 = CARTESIAN_POINT('',(75.5,-70.5,1.51));
#2709 = DIRECTION('',(-0.,0.,-1.));
#2710 = DIRECTION('',(-0.,-1.,0.));
#2711 = FACE_BOUND('',#2712,.T.);
#2712 = EDGE_LOOP('',(#2713));
#2713 = ORIENTED_EDGE('',*,*,#2714,.T.);
#2714 = EDGE_CURVE('',#2715,#2715,#2717,.T.);
#2715 = VERTEX_POINT('',#2716);
#2716 = CARTESIAN_POINT('',(64.5,-58.65,1.51));
#2717 = CIRCLE('',#2718,0.65);
#2718 = AXIS2_PLACEMENT_3D('',#2719,#2720,#2721);
#2719 = CARTESIAN_POINT('',(64.5,-58.,1.51));
#2720 = DIRECTION('',(-0.,0.,-1.));
#2721 = DIRECTION('',(-0.,-1.,0.));
#2722 = FACE_BOUND('',#2723,.T.);
#2723 = EDGE_LOOP('',(#2724));
#2724 = ORIENTED_EDGE('',*,*,#2725,.T.);
#2725 = EDGE_CURVE('',#2726,#2726,#2728,.T.);
#2726 = VERTEX_POINT('',#2727);
#2727 = CARTESIAN_POINT('',(75.4675,-62.9,1.51));
#2728 = CIRCLE('',#2729,0.65);
#2729 = AXIS2_PLACEMENT_3D('',#2730,#2731,#2732);
#2730 = CARTESIAN_POINT('',(75.4675,-62.25,1.51));
#2731 = DIRECTION('',(-0.,0.,-1.));
#2732 = DIRECTION('',(-0.,-1.,0.));
#2733 = FACE_BOUND('',#2734,.T.);
#2734 = EDGE_LOOP('',(#2735));
#2735 = ORIENTED_EDGE('',*,*,#2736,.T.);
#2736 = EDGE_CURVE('',#2737,#2737,#2739,.T.);
#2737 = VERTEX_POINT('',#2738);
#2738 = CARTESIAN_POINT('',(75.4675,-57.9,1.51));
#2739 = CIRCLE('',#2740,0.65);
#2740 = AXIS2_PLACEMENT_3D('',#2741,#2742,#2743);
#2741 = CARTESIAN_POINT('',(75.4675,-57.25,1.51));
#2742 = DIRECTION('',(-0.,0.,-1.));
#2743 = DIRECTION('',(-0.,-1.,0.));
#2744 = PLANE('',#2745);
#2745 = AXIS2_PLACEMENT_3D('',#2746,#2747,#2748);
#2746 = CARTESIAN_POINT('',(0.,0.,1.51));
#2747 = DIRECTION('',(0.,0.,1.));
#2748 = DIRECTION('',(1.,0.,-0.));
#2749 = ADVANCED_FACE('',(#2750),#2756,.T.);
#2750 = FACE_BOUND('',#2751,.T.);
#2751 = EDGE_LOOP('',(#2752,#2753,#2754,#2755));
#2752 = ORIENTED_EDGE('',*,*,#2301,.T.);
#2753 = ORIENTED_EDGE('',*,*,#2540,.T.);
#2754 = ORIENTED_EDGE('',*,*,#2261,.F.);
#2755 = ORIENTED_EDGE('',*,*,#2325,.F.);
#2756 = PLANE('',#2757);
#2757 = AXIS2_PLACEMENT_3D('',#2758,#2759,#2760);
#2758 = CARTESIAN_POINT('',(44.5,-53.5,0.));
#2759 = DIRECTION('',(0.,1.,0.));
#2760 = DIRECTION('',(1.,0.,0.));
#2761 = ADVANCED_FACE('',(#2762),#2773,.F.);
#2762 = FACE_BOUND('',#2763,.T.);
#2763 = EDGE_LOOP('',(#2764,#2765,#2771,#2772));
#2764 = ORIENTED_EDGE('',*,*,#2334,.T.);
#2765 = ORIENTED_EDGE('',*,*,#2766,.T.);
#2766 = EDGE_CURVE('',#2335,#2550,#2767,.T.);
#2767 = LINE('',#2768,#2769);
#2768 = CARTESIAN_POINT('',(47.25,-85.4,-4.6E-02));
#2769 = VECTOR('',#2770,1.);
#2770 = DIRECTION('',(0.,0.,1.));
#2771 = ORIENTED_EDGE('',*,*,#2549,.F.);
#2772 = ORIENTED_EDGE('',*,*,#2766,.F.);
#2773 = CYLINDRICAL_SURFACE('',#2774,0.4);
#2774 = AXIS2_PLACEMENT_3D('',#2775,#2776,#2777);
#2775 = CARTESIAN_POINT('',(47.25,-85.,-4.6E-02));
#2776 = DIRECTION('',(-0.,-0.,-1.));
#2777 = DIRECTION('',(-0.,-1.,0.));
#2778 = ADVANCED_FACE('',(#2779),#2790,.F.);
#2779 = FACE_BOUND('',#2780,.T.);
#2780 = EDGE_LOOP('',(#2781,#2782,#2788,#2789));
#2781 = ORIENTED_EDGE('',*,*,#2345,.T.);
#2782 = ORIENTED_EDGE('',*,*,#2783,.T.);
#2783 = EDGE_CURVE('',#2346,#2561,#2784,.T.);
#2784 = LINE('',#2785,#2786);
#2785 = CARTESIAN_POINT('',(49.75,-85.4,-4.6E-02));
#2786 = VECTOR('',#2787,1.);
#2787 = DIRECTION('',(0.,0.,1.));
#2788 = ORIENTED_EDGE('',*,*,#2560,.F.);
#2789 = ORIENTED_EDGE('',*,*,#2783,.F.);
#2790 = CYLINDRICAL_SURFACE('',#2791,0.4);
#2791 = AXIS2_PLACEMENT_3D('',#2792,#2793,#2794);
#2792 = CARTESIAN_POINT('',(49.75,-85.,-4.6E-02));
#2793 = DIRECTION('',(-0.,-0.,-1.));
#2794 = DIRECTION('',(-0.,-1.,0.));
#2795 = ADVANCED_FACE('',(#2796),#2807,.F.);
#2796 = FACE_BOUND('',#2797,.T.);
#2797 = EDGE_LOOP('',(#2798,#2799,#2805,#2806));
#2798 = ORIENTED_EDGE('',*,*,#2356,.T.);
#2799 = ORIENTED_EDGE('',*,*,#2800,.T.);
#2800 = EDGE_CURVE('',#2357,#2572,#2801,.T.);
#2801 = LINE('',#2802,#2803);
#2802 = CARTESIAN_POINT('',(60.,-89.15,-4.6E-02));
#2803 = VECTOR('',#2804,1.);
#2804 = DIRECTION('',(0.,0.,1.));
#2805 = ORIENTED_EDGE('',*,*,#2571,.F.);
#2806 = ORIENTED_EDGE('',*,*,#2800,.F.);
#2807 = CYLINDRICAL_SURFACE('',#2808,0.65);
#2808 = AXIS2_PLACEMENT_3D('',#2809,#2810,#2811);
#2809 = CARTESIAN_POINT('',(60.,-88.5,-4.6E-02));
#2810 = DIRECTION('',(-0.,-0.,-1.));
#2811 = DIRECTION('',(-0.,-1.,0.));
#2812 = ADVANCED_FACE('',(#2813),#2824,.F.);
#2813 = FACE_BOUND('',#2814,.T.);
#2814 = EDGE_LOOP('',(#2815,#2816,#2822,#2823));
#2815 = ORIENTED_EDGE('',*,*,#2367,.T.);
#2816 = ORIENTED_EDGE('',*,*,#2817,.T.);
#2817 = EDGE_CURVE('',#2368,#2583,#2818,.T.);
#2818 = LINE('',#2819,#2820);
#2819 = CARTESIAN_POINT('',(48.5325,-77.15,-4.6E-02));
#2820 = VECTOR('',#2821,1.);
#2821 = DIRECTION('',(0.,0.,1.));
#2822 = ORIENTED_EDGE('',*,*,#2582,.F.);
#2823 = ORIENTED_EDGE('',*,*,#2817,.F.);
#2824 = CYLINDRICAL_SURFACE('',#2825,0.65);
#2825 = AXIS2_PLACEMENT_3D('',#2826,#2827,#2828);
#2826 = CARTESIAN_POINT('',(48.5325,-76.5,-4.6E-02));
#2827 = DIRECTION('',(-0.,-0.,-1.));
#2828 = DIRECTION('',(-0.,-1.,0.));
#2829 = ADVANCED_FACE('',(#2830),#2841,.F.);
#2830 = FACE_BOUND('',#2831,.T.);
#2831 = EDGE_LOOP('',(#2832,#2833,#2839,#2840));
#2832 = ORIENTED_EDGE('',*,*,#2378,.T.);
#2833 = ORIENTED_EDGE('',*,*,#2834,.T.);
#2834 = EDGE_CURVE('',#2379,#2594,#2835,.T.);
#2835 = LINE('',#2836,#2837);
#2836 = CARTESIAN_POINT('',(65.,-89.15,-4.6E-02));
#2837 = VECTOR('',#2838,1.);
#2838 = DIRECTION('',(0.,0.,1.));
#2839 = ORIENTED_EDGE('',*,*,#2593,.F.);
#2840 = ORIENTED_EDGE('',*,*,#2834,.F.);
#2841 = CYLINDRICAL_SURFACE('',#2842,0.65);
#2842 = AXIS2_PLACEMENT_3D('',#2843,#2844,#2845);
#2843 = CARTESIAN_POINT('',(65.,-88.5,-4.6E-02));
#2844 = DIRECTION('',(-0.,-0.,-1.));
#2845 = DIRECTION('',(-0.,-1.,0.));
#2846 = ADVANCED_FACE('',(#2847),#2858,.F.);
#2847 = FACE_BOUND('',#2848,.T.);
#2848 = EDGE_LOOP('',(#2849,#2850,#2856,#2857));
#2849 = ORIENTED_EDGE('',*,*,#2389,.T.);
#2850 = ORIENTED_EDGE('',*,*,#2851,.T.);
#2851 = EDGE_CURVE('',#2390,#2605,#2852,.T.);
#2852 = LINE('',#2853,#2854);
#2853 = CARTESIAN_POINT('',(75.4675,-89.9,-4.6E-02));
#2854 = VECTOR('',#2855,1.);
#2855 = DIRECTION('',(0.,0.,1.));
#2856 = ORIENTED_EDGE('',*,*,#2604,.F.);
#2857 = ORIENTED_EDGE('',*,*,#2851,.F.);
#2858 = CYLINDRICAL_SURFACE('',#2859,0.65);
#2859 = AXIS2_PLACEMENT_3D('',#2860,#2861,#2862);
#2860 = CARTESIAN_POINT('',(75.4675,-89.25,-4.6E-02));
#2861 = DIRECTION('',(-0.,-0.,-1.));
#2862 = DIRECTION('',(-0.,-1.,0.));
#2863 = ADVANCED_FACE('',(#2864),#2875,.F.);
#2864 = FACE_BOUND('',#2865,.T.);
#2865 = EDGE_LOOP('',(#2866,#2867,#2873,#2874));
#2866 = ORIENTED_EDGE('',*,*,#2400,.T.);
#2867 = ORIENTED_EDGE('',*,*,#2868,.T.);
#2868 = EDGE_CURVE('',#2401,#2616,#2869,.T.);
#2869 = LINE('',#2870,#2871);
#2870 = CARTESIAN_POINT('',(75.4675,-84.9,-4.6E-02));
#2871 = VECTOR('',#2872,1.);
#2872 = DIRECTION('',(0.,0.,1.));
#2873 = ORIENTED_EDGE('',*,*,#2615,.F.);
#2874 = ORIENTED_EDGE('',*,*,#2868,.F.);
#2875 = CYLINDRICAL_SURFACE('',#2876,0.65);
#2876 = AXIS2_PLACEMENT_3D('',#2877,#2878,#2879);
#2877 = CARTESIAN_POINT('',(75.4675,-84.25,-4.6E-02));
#2878 = DIRECTION('',(-0.,-0.,-1.));
#2879 = DIRECTION('',(-0.,-1.,0.));
#2880 = ADVANCED_FACE('',(#2881),#2892,.F.);
#2881 = FACE_BOUND('',#2882,.T.);
#2882 = EDGE_LOOP('',(#2883,#2884,#2890,#2891));
#2883 = ORIENTED_EDGE('',*,*,#2411,.T.);
#2884 = ORIENTED_EDGE('',*,*,#2885,.T.);
#2885 = EDGE_CURVE('',#2412,#2627,#2886,.T.);
#2886 = LINE('',#2887,#2888);
#2887 = CARTESIAN_POINT('',(75.5,-76.15,-4.6E-02));
#2888 = VECTOR('',#2889,1.);
#2889 = DIRECTION('',(0.,0.,1.));
#2890 = ORIENTED_EDGE('',*,*,#2626,.F.);
#2891 = ORIENTED_EDGE('',*,*,#2885,.F.);
#2892 = CYLINDRICAL_SURFACE('',#2893,0.65);
#2893 = AXIS2_PLACEMENT_3D('',#2894,#2895,#2896);
#2894 = CARTESIAN_POINT('',(75.5,-75.5,-4.6E-02));
#2895 = DIRECTION('',(-0.,-0.,-1.));
#2896 = DIRECTION('',(-0.,-1.,0.));
#2897 = ADVANCED_FACE('',(#2898),#2909,.F.);
#2898 = FACE_BOUND('',#2899,.T.);
#2899 = EDGE_LOOP('',(#2900,#2901,#2907,#2908));
#2900 = ORIENTED_EDGE('',*,*,#2422,.T.);
#2901 = ORIENTED_EDGE('',*,*,#2902,.T.);
#2902 = EDGE_CURVE('',#2423,#2638,#2903,.T.);
#2903 = LINE('',#2904,#2905);
#2904 = CARTESIAN_POINT('',(48.5325,-72.15,-4.6E-02));
#2905 = VECTOR('',#2906,1.);
#2906 = DIRECTION('',(0.,0.,1.));
#2907 = ORIENTED_EDGE('',*,*,#2637,.F.);
#2908 = ORIENTED_EDGE('',*,*,#2902,.F.);
#2909 = CYLINDRICAL_SURFACE('',#2910,0.65);
#2910 = AXIS2_PLACEMENT_3D('',#2911,#2912,#2913);
#2911 = CARTESIAN_POINT('',(48.5325,-71.5,-4.6E-02));
#2912 = DIRECTION('',(-0.,-0.,-1.));
#2913 = DIRECTION('',(-0.,-1.,0.));
#2914 = ADVANCED_FACE('',(#2915),#2926,.F.);
#2915 = FACE_BOUND('',#2916,.T.);
#2916 = EDGE_LOOP('',(#2917,#2918,#2924,#2925));
#2917 = ORIENTED_EDGE('',*,*,#2433,.T.);
#2918 = ORIENTED_EDGE('',*,*,#2919,.T.);
#2919 = EDGE_CURVE('',#2434,#2649,#2920,.T.);
#2920 = LINE('',#2921,#2922);
#2921 = CARTESIAN_POINT('',(46.19,-65.4,-4.6E-02));
#2922 = VECTOR('',#2923,1.);
#2923 = DIRECTION('',(0.,0.,1.));
#2924 = ORIENTED_EDGE('',*,*,#2648,.F.);
#2925 = ORIENTED_EDGE('',*,*,#2919,.F.);
#2926 = CYLINDRICAL_SURFACE('',#2927,0.4);
#2927 = AXIS2_PLACEMENT_3D('',#2928,#2929,#2930);
#2928 = CARTESIAN_POINT('',(46.19,-65.,-4.6E-02));
#2929 = DIRECTION('',(-0.,-0.,-1.));
#2930 = DIRECTION('',(-0.,-1.,0.));
#2931 = ADVANCED_FACE('',(#2932),#2943,.F.);
#2932 = FACE_BOUND('',#2933,.T.);
#2933 = EDGE_LOOP('',(#2934,#2935,#2941,#2942));
#2934 = ORIENTED_EDGE('',*,*,#2444,.T.);
#2935 = ORIENTED_EDGE('',*,*,#2936,.T.);
#2936 = EDGE_CURVE('',#2445,#2660,#2937,.T.);
#2937 = LINE('',#2938,#2939);
#2938 = CARTESIAN_POINT('',(53.81,-65.4,-4.6E-02));
#2939 = VECTOR('',#2940,1.);
#2940 = DIRECTION('',(0.,0.,1.));
#2941 = ORIENTED_EDGE('',*,*,#2659,.F.);
#2942 = ORIENTED_EDGE('',*,*,#2936,.F.);
#2943 = CYLINDRICAL_SURFACE('',#2944,0.4);
#2944 = AXIS2_PLACEMENT_3D('',#2945,#2946,#2947);
#2945 = CARTESIAN_POINT('',(53.81,-65.,-4.6E-02));
#2946 = DIRECTION('',(-0.,-0.,-1.));
#2947 = DIRECTION('',(-0.,-1.,0.));
#2948 = ADVANCED_FACE('',(#2949),#2960,.F.);
#2949 = FACE_BOUND('',#2950,.T.);
#2950 = EDGE_LOOP('',(#2951,#2952,#2958,#2959));
#2951 = ORIENTED_EDGE('',*,*,#2455,.T.);
#2952 = ORIENTED_EDGE('',*,*,#2953,.T.);
#2953 = EDGE_CURVE('',#2456,#2671,#2954,.T.);
#2954 = LINE('',#2955,#2956);
#2955 = CARTESIAN_POINT('',(47.73,-58.95,-4.6E-02));
#2956 = VECTOR('',#2957,1.);
#2957 = DIRECTION('',(0.,0.,1.));
#2958 = ORIENTED_EDGE('',*,*,#2670,.F.);
#2959 = ORIENTED_EDGE('',*,*,#2953,.F.);
#2960 = CYLINDRICAL_SURFACE('',#2961,0.45);
#2961 = AXIS2_PLACEMENT_3D('',#2962,#2963,#2964);
#2962 = CARTESIAN_POINT('',(47.73,-58.5,-4.6E-02));
#2963 = DIRECTION('',(-0.,-0.,-1.));
#2964 = DIRECTION('',(-1.578983857245E-14,-1.,0.));
#2965 = ADVANCED_FACE('',(#2966),#2977,.F.);
#2966 = FACE_BOUND('',#2967,.T.);
#2967 = EDGE_LOOP('',(#2968,#2969,#2975,#2976));
#2968 = ORIENTED_EDGE('',*,*,#2466,.T.);
#2969 = ORIENTED_EDGE('',*,*,#2970,.T.);
#2970 = EDGE_CURVE('',#2467,#2682,#2971,.T.);
#2971 = LINE('',#2972,#2973);
#2972 = CARTESIAN_POINT('',(50.27,-58.95,-4.6E-02));
#2973 = VECTOR('',#2974,1.);
#2974 = DIRECTION('',(0.,0.,1.));
#2975 = ORIENTED_EDGE('',*,*,#2681,.F.);
#2976 = ORIENTED_EDGE('',*,*,#2970,.F.);
#2977 = CYLINDRICAL_SURFACE('',#2978,0.45);
#2978 = AXIS2_PLACEMENT_3D('',#2979,#2980,#2981);
#2979 = CARTESIAN_POINT('',(50.27,-58.5,-4.6E-02));
#2980 = DIRECTION('',(-0.,0.,-1.));
#2981 = DIRECTION('',(1.578983857245E-14,-1.,-0.));
#2982 = ADVANCED_FACE('',(#2983),#2994,.F.);
#2983 = FACE_BOUND('',#2984,.T.);
#2984 = EDGE_LOOP('',(#2985,#2986,#2992,#2993));
#2985 = ORIENTED_EDGE('',*,*,#2477,.T.);
#2986 = ORIENTED_EDGE('',*,*,#2987,.T.);
#2987 = EDGE_CURVE('',#2478,#2693,#2988,.T.);
#2988 = LINE('',#2989,#2990);
#2989 = CARTESIAN_POINT('',(59.5,-58.65,-4.6E-02));
#2990 = VECTOR('',#2991,1.);
#2991 = DIRECTION('',(0.,0.,1.));
#2992 = ORIENTED_EDGE('',*,*,#2692,.F.);
#2993 = ORIENTED_EDGE('',*,*,#2987,.F.);
#2994 = CYLINDRICAL_SURFACE('',#2995,0.65);
#2995 = AXIS2_PLACEMENT_3D('',#2996,#2997,#2998);
#2996 = CARTESIAN_POINT('',(59.5,-58.,-4.6E-02));
#2997 = DIRECTION('',(-0.,-0.,-1.));
#2998 = DIRECTION('',(-0.,-1.,0.));
#2999 = ADVANCED_FACE('',(#3000),#3011,.F.);
#3000 = FACE_BOUND('',#3001,.T.);
#3001 = EDGE_LOOP('',(#3002,#3003,#3009,#3010));
#3002 = ORIENTED_EDGE('',*,*,#2488,.T.);
#3003 = ORIENTED_EDGE('',*,*,#3004,.T.);
#3004 = EDGE_CURVE('',#2489,#2704,#3005,.T.);
#3005 = LINE('',#3006,#3007);
#3006 = CARTESIAN_POINT('',(75.5,-71.15,-4.6E-02));
#3007 = VECTOR('',#3008,1.);
#3008 = DIRECTION('',(0.,0.,1.));
#3009 = ORIENTED_EDGE('',*,*,#2703,.F.);
#3010 = ORIENTED_EDGE('',*,*,#3004,.F.);
#3011 = CYLINDRICAL_SURFACE('',#3012,0.65);
#3012 = AXIS2_PLACEMENT_3D('',#3013,#3014,#3015);
#3013 = CARTESIAN_POINT('',(75.5,-70.5,-4.6E-02));
#3014 = DIRECTION('',(-0.,-0.,-1.));
#3015 = DIRECTION('',(-0.,-1.,0.));
#3016 = ADVANCED_FACE('',(#3017),#3028,.F.);
#3017 = FACE_BOUND('',#3018,.T.);
#3018 = EDGE_LOOP('',(#3019,#3020,#3026,#3027));
#3019 = ORIENTED_EDGE('',*,*,#2499,.T.);
#3020 = ORIENTED_EDGE('',*,*,#3021,.T.);
#3021 = EDGE_CURVE('',#2500,#2715,#3022,.T.);
#3022 = LINE('',#3023,#3024);
#3023 = CARTESIAN_POINT('',(64.5,-58.65,-4.6E-02));
#3024 = VECTOR('',#3025,1.);
#3025 = DIRECTION('',(0.,0.,1.));
#3026 = ORIENTED_EDGE('',*,*,#2714,.F.);
#3027 = ORIENTED_EDGE('',*,*,#3021,.F.);
#3028 = CYLINDRICAL_SURFACE('',#3029,0.65);
#3029 = AXIS2_PLACEMENT_3D('',#3030,#3031,#3032);
#3030 = CARTESIAN_POINT('',(64.5,-58.,-4.6E-02));
#3031 = DIRECTION('',(-0.,-0.,-1.));
#3032 = DIRECTION('',(-0.,-1.,0.));
#3033 = ADVANCED_FACE('',(#3034),#3045,.F.);
#3034 = FACE_BOUND('',#3035,.T.);
#3035 = EDGE_LOOP('',(#3036,#3037,#3043,#3044));
#3036 = ORIENTED_EDGE('',*,*,#2510,.T.);
#3037 = ORIENTED_EDGE('',*,*,#3038,.T.);
#3038 = EDGE_CURVE('',#2511,#2726,#3039,.T.);
#3039 = LINE('',#3040,#3041);
#3040 = CARTESIAN_POINT('',(75.4675,-62.9,-4.6E-02));
#3041 = VECTOR('',#3042,1.);
#3042 = DIRECTION('',(0.,0.,1.));
#3043 = ORIENTED_EDGE('',*,*,#2725,.F.);
#3044 = ORIENTED_EDGE('',*,*,#3038,.F.);
#3045 = CYLINDRICAL_SURFACE('',#3046,0.65);
#3046 = AXIS2_PLACEMENT_3D('',#3047,#3048,#3049);
#3047 = CARTESIAN_POINT('',(75.4675,-62.25,-4.6E-02));
#3048 = DIRECTION('',(-0.,-0.,-1.));
#3049 = DIRECTION('',(-0.,-1.,0.));
#3050 = ADVANCED_FACE('',(#3051),#3062,.F.);
#3051 = FACE_BOUND('',#3052,.T.);
#3052 = EDGE_LOOP('',(#3053,#3054,#3060,#3061));
#3053 = ORIENTED_EDGE('',*,*,#2521,.T.);
#3054 = ORIENTED_EDGE('',*,*,#3055,.T.);
#3055 = EDGE_CURVE('',#2522,#2737,#3056,.T.);
#3056 = LINE('',#3057,#3058);
#3057 = CARTESIAN_POINT('',(75.4675,-57.9,-4.6E-02));
#3058 = VECTOR('',#3059,1.);
#3059 = DIRECTION('',(0.,0.,1.));
#3060 = ORIENTED_EDGE('',*,*,#2736,.F.);
#3061 = ORIENTED_EDGE('',*,*,#3055,.F.);
#3062 = CYLINDRICAL_SURFACE('',#3063,0.65);
#3063 = AXIS2_PLACEMENT_3D('',#3064,#3065,#3066);
#3064 = CARTESIAN_POINT('',(75.4675,-57.25,-4.6E-02));
#3065 = DIRECTION('',(-0.,-0.,-1.));
#3066 = DIRECTION('',(-0.,-1.,0.));
#3067 = ( GEOMETRIC_REPRESENTATION_CONTEXT(3) 
GLOBAL_UNCERTAINTY_ASSIGNED_CONTEXT((#3071)) 
GLOBAL_UNIT_ASSIGNED_CONTEXT((#3068,#3069,#3070)) REPRESENTATION_CONTEXT
('Context #1','3D Context with UNIT and UNCERTAINTY') );
#3068 = ( LENGTH_UNIT() NAMED_UNIT(*) SI_UNIT(.MILLI.,.METRE.) );
#3069 = ( NAMED_UNIT(*) PLANE_ANGLE_UNIT() SI_UNIT($,.RADIAN.) );
#3070 = ( NAMED_UNIT(*) SI_UNIT($,.STERADIAN.) SOLID_ANGLE_UNIT() );
#3071 = UNCERTAINTY_MEASURE_WITH_UNIT(LENGTH_MEASURE(1.E-07),#3068,
  'distance_accuracy_value','confusion accuracy');
#3072 = CONTEXT_DEPENDENT_SHAPE_REPRESENTATION(#3073,#3075);
#3073 = ( REPRESENTATION_RELATIONSHIP('','',#2214,#10) 
REPRESENTATION_RELATIONSHIP_WITH_TRANSFORMATION(#3074) 
SHAPE_REPRESENTATION_RELATIONSHIP() );
#3074 = ITEM_DEFINED_TRANSFORMATION('','',#11,#27);
#3075 = PRODUCT_DEFINITION_SHAPE('Placement','Placement of an item',
  #3076);
#3076 = NEXT_ASSEMBLY_USAGE_OCCURRENCE('4','=>[0:1:1:5]','',#5,#2209,$);
#3077 = PRODUCT_RELATED_PRODUCT_CATEGORY('part',$,(#2211));
#3078 = MECHANICAL_DESIGN_GEOMETRIC_PRESENTATION_REPRESENTATION('',(
    #3079),#3067);
#3079 = STYLED_ITEM('color',(#3080),#2215);
#3080 = PRESENTATION_STYLE_ASSIGNMENT((#3081));
#3081 = SURFACE_STYLE_USAGE(.BOTH.,#3082);
#3082 = SURFACE_SIDE_STYLE('',(#3083));
#3083 = SURFACE_STYLE_FILL_AREA(#3084);
#3084 = FILL_AREA_STYLE('',(#3085));
#3085 = FILL_AREA_STYLE_COLOUR('',#3086);
#3086 = COLOUR_RGB('',0.313304153717,0.484529207832,0.410020903123);
#3087 = MECHANICAL_DESIGN_GEOMETRIC_PRESENTATION_REPRESENTATION('',(
    #3088,#3096,#3103,#3110,#3117,#3124,#3131,#3139,#3146,#3153,#3160,
    #3167,#3174,#3181,#3188,#3195),#508);
#3088 = STYLED_ITEM('color',(#3089),#47);
#3089 = PRESENTATION_STYLE_ASSIGNMENT((#3090));
#3090 = SURFACE_STYLE_USAGE(.BOTH.,#3091);
#3091 = SURFACE_SIDE_STYLE('',(#3092));
#3092 = SURFACE_STYLE_FILL_AREA(#3093);
#3093 = FILL_AREA_STYLE('',(#3094));
#3094 = FILL_AREA_STYLE_COLOUR('',#3095);
#3095 = COLOUR_RGB('',0.699999984889,9.999999991362E-02,
  5.000000142576E-02);
#3096 = STYLED_ITEM('color',(#3097),#74);
#3097 = PRESENTATION_STYLE_ASSIGNMENT((#3098));
#3098 = SURFACE_STYLE_USAGE(.BOTH.,#3099);
#3099 = SURFACE_SIDE_STYLE('',(#3100));
#3100 = SURFACE_STYLE_FILL_AREA(#3101);
#3101 = FILL_AREA_STYLE('',(#3102));
#3102 = FILL_AREA_STYLE_COLOUR('',#3095);
#3103 = STYLED_ITEM('color',(#3104),#119);
#3104 = PRESENTATION_STYLE_ASSIGNMENT((#3105));
#3105 = SURFACE_STYLE_USAGE(.BOTH.,#3106);
#3106 = SURFACE_SIDE_STYLE('',(#3107));
#3107 = SURFACE_STYLE_FILL_AREA(#3108);
#3108 = FILL_AREA_STYLE('',(#3109));
#3109 = FILL_AREA_STYLE_COLOUR('',#3095);
#3110 = STYLED_ITEM('color',(#3111),#163);
#3111 = PRESENTATION_STYLE_ASSIGNMENT((#3112));
#3112 = SURFACE_STYLE_USAGE(.BOTH.,#3113);
#3113 = SURFACE_SIDE_STYLE('',(#3114));
#3114 = SURFACE_STYLE_FILL_AREA(#3115);
#3115 = FILL_AREA_STYLE('',(#3116));
#3116 = FILL_AREA_STYLE_COLOUR('',#3095);
#3117 = STYLED_ITEM('color',(#3118),#195);
#3118 = PRESENTATION_STYLE_ASSIGNMENT((#3119));
#3119 = SURFACE_STYLE_USAGE(.BOTH.,#3120);
#3120 = SURFACE_SIDE_STYLE('',(#3121));
#3121 = SURFACE_STYLE_FILL_AREA(#3122);
#3122 = FILL_AREA_STYLE('',(#3123));
#3123 = FILL_AREA_STYLE_COLOUR('',#3095);
#3124 = STYLED_ITEM('color',(#3125),#214);
#3125 = PRESENTATION_STYLE_ASSIGNMENT((#3126));
#3126 = SURFACE_STYLE_USAGE(.BOTH.,#3127);
#3127 = SURFACE_SIDE_STYLE('',(#3128));
#3128 = SURFACE_STYLE_FILL_AREA(#3129);
#3129 = FILL_AREA_STYLE('',(#3130));
#3130 = FILL_AREA_STYLE_COLOUR('',#3095);
#3131 = STYLED_ITEM('color',(#3132),#292);
#3132 = PRESENTATION_STYLE_ASSIGNMENT((#3133));
#3133 = SURFACE_STYLE_USAGE(.BOTH.,#3134);
#3134 = SURFACE_SIDE_STYLE('',(#3135));
#3135 = SURFACE_STYLE_FILL_AREA(#3136);
#3136 = FILL_AREA_STYLE('',(#3137));
#3137 = FILL_AREA_STYLE_COLOUR('',#3138);
#3138 = COLOUR_RGB('',0.823999987314,0.819999987296,0.781000009244);
#3139 = STYLED_ITEM('color',(#3140),#323);
#3140 = PRESENTATION_STYLE_ASSIGNMENT((#3141));
#3141 = SURFACE_STYLE_USAGE(.BOTH.,#3142);
#3142 = SURFACE_SIDE_STYLE('',(#3143));
#3143 = SURFACE_STYLE_FILL_AREA(#3144);
#3144 = FILL_AREA_STYLE('',(#3145));
#3145 = FILL_AREA_STYLE_COLOUR('',#3138);
#3146 = STYLED_ITEM('color',(#3147),#347);
#3147 = PRESENTATION_STYLE_ASSIGNMENT((#3148));
#3148 = SURFACE_STYLE_USAGE(.BOTH.,#3149);
#3149 = SURFACE_SIDE_STYLE('',(#3150));
#3150 = SURFACE_STYLE_FILL_AREA(#3151);
#3151 = FILL_AREA_STYLE('',(#3152));
#3152 = FILL_AREA_STYLE_COLOUR('',#3138);
#3153 = STYLED_ITEM('color',(#3154),#371);
#3154 = PRESENTATION_STYLE_ASSIGNMENT((#3155));
#3155 = SURFACE_STYLE_USAGE(.BOTH.,#3156);
#3156 = SURFACE_SIDE_STYLE('',(#3157));
#3157 = SURFACE_STYLE_FILL_AREA(#3158);
#3158 = FILL_AREA_STYLE('',(#3159));
#3159 = FILL_AREA_STYLE_COLOUR('',#3138);
#3160 = STYLED_ITEM('color',(#3161),#388);
#3161 = PRESENTATION_STYLE_ASSIGNMENT((#3162));
#3162 = SURFACE_STYLE_USAGE(.BOTH.,#3163);
#3163 = SURFACE_SIDE_STYLE('',(#3164));
#3164 = SURFACE_STYLE_FILL_AREA(#3165);
#3165 = FILL_AREA_STYLE('',(#3166));
#3166 = FILL_AREA_STYLE_COLOUR('',#3138);
#3167 = STYLED_ITEM('color',(#3168),#419);
#3168 = PRESENTATION_STYLE_ASSIGNMENT((#3169));
#3169 = SURFACE_STYLE_USAGE(.BOTH.,#3170);
#3170 = SURFACE_SIDE_STYLE('',(#3171));
#3171 = SURFACE_STYLE_FILL_AREA(#3172);
#3172 = FILL_AREA_STYLE('',(#3173));
#3173 = FILL_AREA_STYLE_COLOUR('',#3138);
#3174 = STYLED_ITEM('color',(#3175),#443);
#3175 = PRESENTATION_STYLE_ASSIGNMENT((#3176));
#3176 = SURFACE_STYLE_USAGE(.BOTH.,#3177);
#3177 = SURFACE_SIDE_STYLE('',(#3178));
#3178 = SURFACE_STYLE_FILL_AREA(#3179);
#3179 = FILL_AREA_STYLE('',(#3180));
#3180 = FILL_AREA_STYLE_COLOUR('',#3138);
#3181 = STYLED_ITEM('color',(#3182),#467);
#3182 = PRESENTATION_STYLE_ASSIGNMENT((#3183));
#3183 = SURFACE_STYLE_USAGE(.BOTH.,#3184);
#3184 = SURFACE_SIDE_STYLE('',(#3185));
#3185 = SURFACE_STYLE_FILL_AREA(#3186);
#3186 = FILL_AREA_STYLE('',(#3187));
#3187 = FILL_AREA_STYLE_COLOUR('',#3138);
#3188 = STYLED_ITEM('color',(#3189),#484);
#3189 = PRESENTATION_STYLE_ASSIGNMENT((#3190));
#3190 = SURFACE_STYLE_USAGE(.BOTH.,#3191);
#3191 = SURFACE_SIDE_STYLE('',(#3192));
#3192 = SURFACE_STYLE_FILL_AREA(#3193);
#3193 = FILL_AREA_STYLE('',(#3194));
#3194 = FILL_AREA_STYLE_COLOUR('',#3138);
#3195 = STYLED_ITEM('color',(#3196),#496);
#3196 = PRESENTATION_STYLE_ASSIGNMENT((#3197));
#3197 = SURFACE_STYLE_USAGE(.BOTH.,#3198);
#3198 = SURFACE_SIDE_STYLE('',(#3199));
#3199 = SURFACE_STYLE_FILL_AREA(#3200);
#3200 = FILL_AREA_STYLE('',(#3201));
#3201 = FILL_AREA_STYLE_COLOUR('',#3138);
#3202 = MECHANICAL_DESIGN_GEOMETRIC_PRESENTATION_REPRESENTATION('',(
    #3203,#3211,#3218,#3225,#3232,#3239,#3246,#3253,#3260,#3267,#3274,
    #3281,#3288,#3295,#3302),#1190);
#3203 = STYLED_ITEM('color',(#3204),#529);
#3204 = PRESENTATION_STYLE_ASSIGNMENT((#3205));
#3205 = SURFACE_STYLE_USAGE(.BOTH.,#3206);
#3206 = SURFACE_SIDE_STYLE('',(#3207));
#3207 = SURFACE_STYLE_FILL_AREA(#3208);
#3208 = FILL_AREA_STYLE('',(#3209));
#3209 = FILL_AREA_STYLE_COLOUR('',#3210);
#3210 = COLOUR_RGB('',0.883000012551,0.711000022565,0.492000011028);
#3211 = STYLED_ITEM('color',(#3212),#562);
#3212 = PRESENTATION_STYLE_ASSIGNMENT((#3213));
#3213 = SURFACE_STYLE_USAGE(.BOTH.,#3214);
#3214 = SURFACE_SIDE_STYLE('',(#3215));
#3215 = SURFACE_STYLE_FILL_AREA(#3216);
#3216 = FILL_AREA_STYLE('',(#3217));
#3217 = FILL_AREA_STYLE_COLOUR('',#3210);
#3218 = STYLED_ITEM('color',(#3219),#588);
#3219 = PRESENTATION_STYLE_ASSIGNMENT((#3220));
#3220 = SURFACE_STYLE_USAGE(.BOTH.,#3221);
#3221 = SURFACE_SIDE_STYLE('',(#3222));
#3222 = SURFACE_STYLE_FILL_AREA(#3223);
#3223 = FILL_AREA_STYLE('',(#3224));
#3224 = FILL_AREA_STYLE_COLOUR('',#3210);
#3225 = STYLED_ITEM('color',(#3226),#608);
#3226 = PRESENTATION_STYLE_ASSIGNMENT((#3227));
#3227 = SURFACE_STYLE_USAGE(.BOTH.,#3228);
#3228 = SURFACE_SIDE_STYLE('',(#3229));
#3229 = SURFACE_STYLE_FILL_AREA(#3230);
#3230 = FILL_AREA_STYLE('',(#3231));
#3231 = FILL_AREA_STYLE_COLOUR('',#3210);
#3232 = STYLED_ITEM('color',(#3233),#791);
#3233 = PRESENTATION_STYLE_ASSIGNMENT((#3234));
#3234 = SURFACE_STYLE_USAGE(.BOTH.,#3235);
#3235 = SURFACE_SIDE_STYLE('',(#3236));
#3236 = SURFACE_STYLE_FILL_AREA(#3237);
#3237 = FILL_AREA_STYLE('',(#3238));
#3238 = FILL_AREA_STYLE_COLOUR('',#3210);
#3239 = STYLED_ITEM('color',(#3240),#816);
#3240 = PRESENTATION_STYLE_ASSIGNMENT((#3241));
#3241 = SURFACE_STYLE_USAGE(.BOTH.,#3242);
#3242 = SURFACE_SIDE_STYLE('',(#3243));
#3243 = SURFACE_STYLE_FILL_AREA(#3244);
#3244 = FILL_AREA_STYLE('',(#3245));
#3245 = FILL_AREA_STYLE_COLOUR('',#3138);
#3246 = STYLED_ITEM('color',(#3247),#842);
#3247 = PRESENTATION_STYLE_ASSIGNMENT((#3248));
#3248 = SURFACE_STYLE_USAGE(.BOTH.,#3249);
#3249 = SURFACE_SIDE_STYLE('',(#3250));
#3250 = SURFACE_STYLE_FILL_AREA(#3251);
#3251 = FILL_AREA_STYLE('',(#3252));
#3252 = FILL_AREA_STYLE_COLOUR('',#3210);
#3253 = STYLED_ITEM('color',(#3254),#862);
#3254 = PRESENTATION_STYLE_ASSIGNMENT((#3255));
#3255 = SURFACE_STYLE_USAGE(.BOTH.,#3256);
#3256 = SURFACE_SIDE_STYLE('',(#3257));
#3257 = SURFACE_STYLE_FILL_AREA(#3258);
#3258 = FILL_AREA_STYLE('',(#3259));
#3259 = FILL_AREA_STYLE_COLOUR('',#3138);
#3260 = STYLED_ITEM('color',(#3261),#887);
#3261 = PRESENTATION_STYLE_ASSIGNMENT((#3262));
#3262 = SURFACE_STYLE_USAGE(.BOTH.,#3263);
#3263 = SURFACE_SIDE_STYLE('',(#3264));
#3264 = SURFACE_STYLE_FILL_AREA(#3265);
#3265 = FILL_AREA_STYLE('',(#3266));
#3266 = FILL_AREA_STYLE_COLOUR('',#3210);
#3267 = STYLED_ITEM('color',(#3268),#912);
#3268 = PRESENTATION_STYLE_ASSIGNMENT((#3269));
#3269 = SURFACE_STYLE_USAGE(.BOTH.,#3270);
#3270 = SURFACE_SIDE_STYLE('',(#3271));
#3271 = SURFACE_STYLE_FILL_AREA(#3272);
#3272 = FILL_AREA_STYLE('',(#3273));
#3273 = FILL_AREA_STYLE_COLOUR('',#3138);
#3274 = STYLED_ITEM('color',(#3275),#921);
#3275 = PRESENTATION_STYLE_ASSIGNMENT((#3276));
#3276 = SURFACE_STYLE_USAGE(.BOTH.,#3277);
#3277 = SURFACE_SIDE_STYLE('',(#3278));
#3278 = SURFACE_STYLE_FILL_AREA(#3279);
#3279 = FILL_AREA_STYLE('',(#3280));
#3280 = FILL_AREA_STYLE_COLOUR('',#3210);
#3281 = STYLED_ITEM('color',(#3282),#947);
#3282 = PRESENTATION_STYLE_ASSIGNMENT((#3283));
#3283 = SURFACE_STYLE_USAGE(.BOTH.,#3284);
#3284 = SURFACE_SIDE_STYLE('',(#3285));
#3285 = SURFACE_STYLE_FILL_AREA(#3286);
#3286 = FILL_AREA_STYLE('',(#3287));
#3287 = FILL_AREA_STYLE_COLOUR('',#3210);
#3288 = STYLED_ITEM('color',(#3289),#1130);
#3289 = PRESENTATION_STYLE_ASSIGNMENT((#3290));
#3290 = SURFACE_STYLE_USAGE(.BOTH.,#3291);
#3291 = SURFACE_SIDE_STYLE('',(#3292));
#3292 = SURFACE_STYLE_FILL_AREA(#3293);
#3293 = FILL_AREA_STYLE('',(#3294));
#3294 = FILL_AREA_STYLE_COLOUR('',#3138);
#3295 = STYLED_ITEM('color',(#3296),#1156);
#3296 = PRESENTATION_STYLE_ASSIGNMENT((#3297));
#3297 = SURFACE_STYLE_USAGE(.BOTH.,#3298);
#3298 = SURFACE_SIDE_STYLE('',(#3299));
#3299 = SURFACE_STYLE_FILL_AREA(#3300);
#3300 = FILL_AREA_STYLE('',(#3301));
#3301 = FILL_AREA_STYLE_COLOUR('',#3138);
#3302 = STYLED_ITEM('color',(#3303),#1181);
#3303 = PRESENTATION_STYLE_ASSIGNMENT((#3304));
#3304 = SURFACE_STYLE_USAGE(.BOTH.,#3305);
#3305 = SURFACE_SIDE_STYLE('',(#3306));
#3306 = SURFACE_STYLE_FILL_AREA(#3307);
#3307 = FILL_AREA_STYLE('',(#3308));
#3308 = FILL_AREA_STYLE_COLOUR('',#3138);
#3309 = MECHANICAL_DESIGN_GEOMETRIC_PRESENTATION_REPRESENTATION('',(
    #3310,#3317,#3324,#3332,#3339,#3346,#3353,#3360,#3367,#3374,#3381,
    #3388,#3395,#3402,#3409,#3416,#3423,#3430,#3437,#3444,#3451,#3458,
    #3465,#3472,#3479,#3486,#3493,#3500,#3507,#3514,#3521,#3528),#2196);
#3310 = STYLED_ITEM('color',(#3311),#1211);
#3311 = PRESENTATION_STYLE_ASSIGNMENT((#3312));
#3312 = SURFACE_STYLE_USAGE(.BOTH.,#3313);
#3313 = SURFACE_SIDE_STYLE('',(#3314));
#3314 = SURFACE_STYLE_FILL_AREA(#3315);
#3315 = FILL_AREA_STYLE('',(#3316));
#3316 = FILL_AREA_STYLE_COLOUR('',#3138);
#3317 = STYLED_ITEM('color',(#3318),#1228);
#3318 = PRESENTATION_STYLE_ASSIGNMENT((#3319));
#3319 = SURFACE_STYLE_USAGE(.BOTH.,#3320);
#3320 = SURFACE_SIDE_STYLE('',(#3321));
#3321 = SURFACE_STYLE_FILL_AREA(#3322);
#3322 = FILL_AREA_STYLE('',(#3323));
#3323 = FILL_AREA_STYLE_COLOUR('',#3138);
#3324 = STYLED_ITEM('color',(#3325),#1253);
#3325 = PRESENTATION_STYLE_ASSIGNMENT((#3326));
#3326 = SURFACE_STYLE_USAGE(.BOTH.,#3327);
#3327 = SURFACE_SIDE_STYLE('',(#3328));
#3328 = SURFACE_STYLE_FILL_AREA(#3329);
#3329 = FILL_AREA_STYLE('',(#3330));
#3330 = FILL_AREA_STYLE_COLOUR('',#3331);
#3331 = COLOUR_RGB('',0.136999991899,0.40200001271,0.726999997272);
#3332 = STYLED_ITEM('color',(#3333),#1284);
#3333 = PRESENTATION_STYLE_ASSIGNMENT((#3334));
#3334 = SURFACE_STYLE_USAGE(.BOTH.,#3335);
#3335 = SURFACE_SIDE_STYLE('',(#3336));
#3336 = SURFACE_STYLE_FILL_AREA(#3337);
#3337 = FILL_AREA_STYLE('',(#3338));
#3338 = FILL_AREA_STYLE_COLOUR('',#3331);
#3339 = STYLED_ITEM('color',(#3340),#1309);
#3340 = PRESENTATION_STYLE_ASSIGNMENT((#3341));
#3341 = SURFACE_STYLE_USAGE(.BOTH.,#3342);
#3342 = SURFACE_SIDE_STYLE('',(#3343));
#3343 = SURFACE_STYLE_FILL_AREA(#3344);
#3344 = FILL_AREA_STYLE('',(#3345));
#3345 = FILL_AREA_STYLE_COLOUR('',#3138);
#3346 = STYLED_ITEM('color',(#3347),#1334);
#3347 = PRESENTATION_STYLE_ASSIGNMENT((#3348));
#3348 = SURFACE_STYLE_USAGE(.BOTH.,#3349);
#3349 = SURFACE_SIDE_STYLE('',(#3350));
#3350 = SURFACE_STYLE_FILL_AREA(#3351);
#3351 = FILL_AREA_STYLE('',(#3352));
#3352 = FILL_AREA_STYLE_COLOUR('',#3331);
#3353 = STYLED_ITEM('color',(#3354),#1354);
#3354 = PRESENTATION_STYLE_ASSIGNMENT((#3355));
#3355 = SURFACE_STYLE_USAGE(.BOTH.,#3356);
#3356 = SURFACE_SIDE_STYLE('',(#3357));
#3357 = SURFACE_STYLE_FILL_AREA(#3358);
#3358 = FILL_AREA_STYLE('',(#3359));
#3359 = FILL_AREA_STYLE_COLOUR('',#3138);
#3360 = STYLED_ITEM('color',(#3361),#1363);
#3361 = PRESENTATION_STYLE_ASSIGNMENT((#3362));
#3362 = SURFACE_STYLE_USAGE(.BOTH.,#3363);
#3363 = SURFACE_SIDE_STYLE('',(#3364));
#3364 = SURFACE_STYLE_FILL_AREA(#3365);
#3365 = FILL_AREA_STYLE('',(#3366));
#3366 = FILL_AREA_STYLE_COLOUR('',#3331);
#3367 = STYLED_ITEM('color',(#3368),#1393);
#3368 = PRESENTATION_STYLE_ASSIGNMENT((#3369));
#3369 = SURFACE_STYLE_USAGE(.BOTH.,#3370);
#3370 = SURFACE_SIDE_STYLE('',(#3371));
#3371 = SURFACE_STYLE_FILL_AREA(#3372);
#3372 = FILL_AREA_STYLE('',(#3373));
#3373 = FILL_AREA_STYLE_COLOUR('',#3331);
#3374 = STYLED_ITEM('color',(#3375),#1428);
#3375 = PRESENTATION_STYLE_ASSIGNMENT((#3376));
#3376 = SURFACE_STYLE_USAGE(.BOTH.,#3377);
#3377 = SURFACE_SIDE_STYLE('',(#3378));
#3378 = SURFACE_STYLE_FILL_AREA(#3379);
#3379 = FILL_AREA_STYLE('',(#3380));
#3380 = FILL_AREA_STYLE_COLOUR('',#3331);
#3381 = STYLED_ITEM('color',(#3382),#1501);
#3382 = PRESENTATION_STYLE_ASSIGNMENT((#3383));
#3383 = SURFACE_STYLE_USAGE(.BOTH.,#3384);
#3384 = SURFACE_SIDE_STYLE('',(#3385));
#3385 = SURFACE_STYLE_FILL_AREA(#3386);
#3386 = FILL_AREA_STYLE('',(#3387));
#3387 = FILL_AREA_STYLE_COLOUR('',#3331);
#3388 = STYLED_ITEM('color',(#3389),#1541);
#3389 = PRESENTATION_STYLE_ASSIGNMENT((#3390));
#3390 = SURFACE_STYLE_USAGE(.BOTH.,#3391);
#3391 = SURFACE_SIDE_STYLE('',(#3392));
#3392 = SURFACE_STYLE_FILL_AREA(#3393);
#3393 = FILL_AREA_STYLE('',(#3394));
#3394 = FILL_AREA_STYLE_COLOUR('',#3331);
#3395 = STYLED_ITEM('color',(#3396),#1614);
#3396 = PRESENTATION_STYLE_ASSIGNMENT((#3397));
#3397 = SURFACE_STYLE_USAGE(.BOTH.,#3398);
#3398 = SURFACE_SIDE_STYLE('',(#3399));
#3399 = SURFACE_STYLE_FILL_AREA(#3400);
#3400 = FILL_AREA_STYLE('',(#3401));
#3401 = FILL_AREA_STYLE_COLOUR('',#3331);
#3402 = STYLED_ITEM('color',(#3403),#1639);
#3403 = PRESENTATION_STYLE_ASSIGNMENT((#3404));
#3404 = SURFACE_STYLE_USAGE(.BOTH.,#3405);
#3405 = SURFACE_SIDE_STYLE('',(#3406));
#3406 = SURFACE_STYLE_FILL_AREA(#3407);
#3407 = FILL_AREA_STYLE('',(#3408));
#3408 = FILL_AREA_STYLE_COLOUR('',#3331);
#3409 = STYLED_ITEM('color',(#3410),#1665);
#3410 = PRESENTATION_STYLE_ASSIGNMENT((#3411));
#3411 = SURFACE_STYLE_USAGE(.BOTH.,#3412);
#3412 = SURFACE_SIDE_STYLE('',(#3413));
#3413 = SURFACE_STYLE_FILL_AREA(#3414);
#3414 = FILL_AREA_STYLE('',(#3415));
#3415 = FILL_AREA_STYLE_COLOUR('',#3331);
#3416 = STYLED_ITEM('color',(#3417),#1685);
#3417 = PRESENTATION_STYLE_ASSIGNMENT((#3418));
#3418 = SURFACE_STYLE_USAGE(.BOTH.,#3419);
#3419 = SURFACE_SIDE_STYLE('',(#3420));
#3420 = SURFACE_STYLE_FILL_AREA(#3421);
#3421 = FILL_AREA_STYLE('',(#3422));
#3422 = FILL_AREA_STYLE_COLOUR('',#3331);
#3423 = STYLED_ITEM('color',(#3424),#1855);
#3424 = PRESENTATION_STYLE_ASSIGNMENT((#3425));
#3425 = SURFACE_STYLE_USAGE(.BOTH.,#3426);
#3426 = SURFACE_SIDE_STYLE('',(#3427));
#3427 = SURFACE_STYLE_FILL_AREA(#3428);
#3428 = FILL_AREA_STYLE('',(#3429));
#3429 = FILL_AREA_STYLE_COLOUR('',#3138);
#3430 = STYLED_ITEM('color',(#3431),#1925);
#3431 = PRESENTATION_STYLE_ASSIGNMENT((#3432));
#3432 = SURFACE_STYLE_USAGE(.BOTH.,#3433);
#3433 = SURFACE_SIDE_STYLE('',(#3434));
#3434 = SURFACE_STYLE_FILL_AREA(#3435);
#3435 = FILL_AREA_STYLE('',(#3436));
#3436 = FILL_AREA_STYLE_COLOUR('',#3138);
#3437 = STYLED_ITEM('color',(#3438),#1949);
#3438 = PRESENTATION_STYLE_ASSIGNMENT((#3439));
#3439 = SURFACE_STYLE_USAGE(.BOTH.,#3440);
#3440 = SURFACE_SIDE_STYLE('',(#3441));
#3441 = SURFACE_STYLE_FILL_AREA(#3442);
#3442 = FILL_AREA_STYLE('',(#3443));
#3443 = FILL_AREA_STYLE_COLOUR('',#3138);
#3444 = STYLED_ITEM('color',(#3445),#1965);
#3445 = PRESENTATION_STYLE_ASSIGNMENT((#3446));
#3446 = SURFACE_STYLE_USAGE(.BOTH.,#3447);
#3447 = SURFACE_SIDE_STYLE('',(#3448));
#3448 = SURFACE_STYLE_FILL_AREA(#3449);
#3449 = FILL_AREA_STYLE('',(#3450));
#3450 = FILL_AREA_STYLE_COLOUR('',#3138);
#3451 = STYLED_ITEM('color',(#3452),#1977);
#3452 = PRESENTATION_STYLE_ASSIGNMENT((#3453));
#3453 = SURFACE_STYLE_USAGE(.BOTH.,#3454);
#3454 = SURFACE_SIDE_STYLE('',(#3455));
#3455 = SURFACE_STYLE_FILL_AREA(#3456);
#3456 = FILL_AREA_STYLE('',(#3457));
#3457 = FILL_AREA_STYLE_COLOUR('',#3138);
#3458 = STYLED_ITEM('color',(#3459),#2001);
#3459 = PRESENTATION_STYLE_ASSIGNMENT((#3460));
#3460 = SURFACE_STYLE_USAGE(.BOTH.,#3461);
#3461 = SURFACE_SIDE_STYLE('',(#3462));
#3462 = SURFACE_STYLE_FILL_AREA(#3463);
#3463 = FILL_AREA_STYLE('',(#3464));
#3464 = FILL_AREA_STYLE_COLOUR('',#3138);
#3465 = STYLED_ITEM('color',(#3466),#2017);
#3466 = PRESENTATION_STYLE_ASSIGNMENT((#3467));
#3467 = SURFACE_STYLE_USAGE(.BOTH.,#3468);
#3468 = SURFACE_SIDE_STYLE('',(#3469));
#3469 = SURFACE_STYLE_FILL_AREA(#3470);
#3470 = FILL_AREA_STYLE('',(#3471));
#3471 = FILL_AREA_STYLE_COLOUR('',#3138);
#3472 = STYLED_ITEM('color',(#3473),#2029);
#3473 = PRESENTATION_STYLE_ASSIGNMENT((#3474));
#3474 = SURFACE_STYLE_USAGE(.BOTH.,#3475);
#3475 = SURFACE_SIDE_STYLE('',(#3476));
#3476 = SURFACE_STYLE_FILL_AREA(#3477);
#3477 = FILL_AREA_STYLE('',(#3478));
#3478 = FILL_AREA_STYLE_COLOUR('',#3138);
#3479 = STYLED_ITEM('color',(#3480),#2053);
#3480 = PRESENTATION_STYLE_ASSIGNMENT((#3481));
#3481 = SURFACE_STYLE_USAGE(.BOTH.,#3482);
#3482 = SURFACE_SIDE_STYLE('',(#3483));
#3483 = SURFACE_STYLE_FILL_AREA(#3484);
#3484 = FILL_AREA_STYLE('',(#3485));
#3485 = FILL_AREA_STYLE_COLOUR('',#3138);
#3486 = STYLED_ITEM('color',(#3487),#2069);
#3487 = PRESENTATION_STYLE_ASSIGNMENT((#3488));
#3488 = SURFACE_STYLE_USAGE(.BOTH.,#3489);
#3489 = SURFACE_SIDE_STYLE('',(#3490));
#3490 = SURFACE_STYLE_FILL_AREA(#3491);
#3491 = FILL_AREA_STYLE('',(#3492));
#3492 = FILL_AREA_STYLE_COLOUR('',#3138);
#3493 = STYLED_ITEM('color',(#3494),#2081);
#3494 = PRESENTATION_STYLE_ASSIGNMENT((#3495));
#3495 = SURFACE_STYLE_USAGE(.BOTH.,#3496);
#3496 = SURFACE_SIDE_STYLE('',(#3497));
#3497 = SURFACE_STYLE_FILL_AREA(#3498);
#3498 = FILL_AREA_STYLE('',(#3499));
#3499 = FILL_AREA_STYLE_COLOUR('',#3138);
#3500 = STYLED_ITEM('color',(#3501),#2105);
#3501 = PRESENTATION_STYLE_ASSIGNMENT((#3502));
#3502 = SURFACE_STYLE_USAGE(.BOTH.,#3503);
#3503 = SURFACE_SIDE_STYLE('',(#3504));
#3504 = SURFACE_STYLE_FILL_AREA(#3505);
#3505 = FILL_AREA_STYLE('',(#3506));
#3506 = FILL_AREA_STYLE_COLOUR('',#3138);
#3507 = STYLED_ITEM('color',(#3508),#2121);
#3508 = PRESENTATION_STYLE_ASSIGNMENT((#3509));
#3509 = SURFACE_STYLE_USAGE(.BOTH.,#3510);
#3510 = SURFACE_SIDE_STYLE('',(#3511));
#3511 = SURFACE_STYLE_FILL_AREA(#3512);
#3512 = FILL_AREA_STYLE('',(#3513));
#3513 = FILL_AREA_STYLE_COLOUR('',#3138);
#3514 = STYLED_ITEM('color',(#3515),#2135);
#3515 = PRESENTATION_STYLE_ASSIGNMENT((#3516));
#3516 = SURFACE_STYLE_USAGE(.BOTH.,#3517);
#3517 = SURFACE_SIDE_STYLE('',(#3518));
#3518 = SURFACE_STYLE_FILL_AREA(#3519);
#3519 = FILL_AREA_STYLE('',(#3520));
#3520 = FILL_AREA_STYLE_COLOUR('',#3331);
#3521 = STYLED_ITEM('color',(#3522),#2152);
#3522 = PRESENTATION_STYLE_ASSIGNMENT((#3523));
#3523 = SURFACE_STYLE_USAGE(.BOTH.,#3524);
#3524 = SURFACE_SIDE_STYLE('',(#3525));
#3525 = SURFACE_STYLE_FILL_AREA(#3526);
#3526 = FILL_AREA_STYLE('',(#3527));
#3527 = FILL_AREA_STYLE_COLOUR('',#3331);
#3528 = STYLED_ITEM('color',(#3529),#2186);
#3529 = PRESENTATION_STYLE_ASSIGNMENT((#3530));
#3530 = SURFACE_STYLE_USAGE(.BOTH.,#3531);
#3531 = SURFACE_SIDE_STYLE('',(#3532));
#3532 = SURFACE_STYLE_FILL_AREA(#3533);
#3533 = FILL_AREA_STYLE('',(#3534));
#3534 = FILL_AREA_STYLE_COLOUR('',#3138);
ENDSEC;
END-ISO-10303-21;
